﻿Domain Code,Domain,Area Code (M49),Area,Element Code,Element,Item Code,Item,Year Code,Year,Unit,Value,Flag,Flag Description
"CAHD","Cost and Affordability of a Healthy Diet (CoAHD)","756","Switzerland","6226","Value","7004","Cost of a healthy diet (PPP dollar per person per day)","2017","2017","PPP dollar per person per day","2.523","E","Estimated value"
"CAHD","Cost and Affordability of a Healthy Diet (CoAHD)","756","Switzerland","6226","Value","7004","Cost of a healthy diet (PPP dollar per person per day)","2018","2018","PPP dollar per person per day","2.591","E","Estimated value"
"CAHD","Cost and Affordability of a Healthy Diet (CoAHD)","756","Switzerland","6226","Value","7004","Cost of a healthy diet (PPP dollar per person per day)","2019","2019","PPP dollar per person per day","2.563","E","Estimated value"
"CAHD","Cost and Affordability of a Healthy Diet (CoAHD)","756","Switzerland","6226","Value","7004","Cost of a healthy diet (PPP dollar per person per day)","2020","2020","PPP dollar per person per day","2.659","E","Estimated value"
"CAHD","Cost and Affordability of a Healthy Diet (CoAHD)","756","Switzerland","6226","Value","7007","Cost of starchy staples","2017","2017","PPP dollar per person per day","0.212","E","Estimated value"
"CAHD","Cost and Affordability of a Healthy Diet (CoAHD)","756","Switzerland","6226","Value","7008","Cost of animal source foods","2017","2017","PPP dollar per person per day","0.675","E","Estimated value"
"CAHD","Cost and Affordability of a Healthy Diet (CoAHD)","756","Switzerland","6226","Value","7009","Cost of legumes, nuts and seeds","2017","2017","PPP dollar per person per day","0.249","E","Estimated value"
"CAHD","Cost and Affordability of a Healthy Diet (CoAHD)","756","Switzerland","6226","Value","7010","Cost of vegetables","2017","2017","PPP dollar per person per day","0.743","E","Estimated value"
"CAHD","Cost and Affordability of a Healthy Diet (CoAHD)","756","Switzerland","6226","Value","7011","Cost of fruits","2017","2017","PPP dollar per person per day","0.577","E","Estimated value"
"CAHD","Cost and Affordability of a Healthy Diet (CoAHD)","756","Switzerland","6226","Value","7012","Cost of oils and fats","2017","2017","PPP dollar per person per day","0.067","E","Estimated value"
"CAHD","Cost and Affordability of a Healthy Diet (CoAHD)","756","Switzerland","6121","Value","7005","Percentage of the population unable to afford a healthy diet (percent)","2017","2017","%","0","E","Estimated value"
"CAHD","Cost and Affordability of a Healthy Diet (CoAHD)","756","Switzerland","6121","Value","7005","Percentage of the population unable to afford a healthy diet (percent)","2018","2018","%","0","E","Estimated value"
"CAHD","Cost and Affordability of a Healthy Diet (CoAHD)","756","Switzerland","6121","Value","7005","Percentage of the population unable to afford a healthy diet (percent)","2019","2019","%","0","E","Estimated value"
"CAHD","Cost and Affordability of a Healthy Diet (CoAHD)","756","Switzerland","6121","Value","7005","Percentage of the population unable to afford a healthy diet (percent)","2020","2020","%","0","E","Estimated value"
"CAHD","Cost and Affordability of a Healthy Diet (CoAHD)","756","Switzerland","6132","Value","7006","Number of people unable to afford a healthy diet (million)","2017","2017","millions","0","E","Estimated value"
"CAHD","Cost and Affordability of a Healthy Diet (CoAHD)","756","Switzerland","6132","Value","7006","Number of people unable to afford a healthy diet (million)","2018","2018","millions","0","E","Estimated value"
"CAHD","Cost and Affordability of a Healthy Diet (CoAHD)","756","Switzerland","6132","Value","7006","Number of people unable to afford a healthy diet (million)","2019","2019","millions","0","E","Estimated value"
"CAHD","Cost and Affordability of a Healthy Diet (CoAHD)","756","Switzerland","6132","Value","7006","Number of people unable to afford a healthy diet (million)","2020","2020","millions","0","E","Estimated value"
