﻿Domain Code,Domain,Area Code (M49),Area,Year Code,Year,Item Code,Item,Months Code,Months,Unit,Value,Flag,Flag Description,Note
"CP","Consumer Price Indices","756","Switzerland","2015","2015","23013","Consumer Prices, Food Indices (2015 = 100)","7001","January","","100.5065","X","Figure from international organizations","base year is 2015"
"CP","Consumer Price Indices","756","Switzerland","2015","2015","23013","Consumer Prices, Food Indices (2015 = 100)","7002","February","","99.84815","X","Figure from international organizations","base year is 2015"
"CP","Consumer Price Indices","756","Switzerland","2015","2015","23013","Consumer Prices, Food Indices (2015 = 100)","7003","March","","99.52132","X","Figure from international organizations","base year is 2015"
"CP","Consumer Price Indices","756","Switzerland","2015","2015","23013","Consumer Prices, Food Indices (2015 = 100)","7004","April","","99.46757","X","Figure from international organizations","base year is 2015"
"CP","Consumer Price Indices","756","Switzerland","2015","2015","23013","Consumer Prices, Food Indices (2015 = 100)","7005","May","","99.91489","X","Figure from international organizations","base year is 2015"
"CP","Consumer Price Indices","756","Switzerland","2015","2015","23013","Consumer Prices, Food Indices (2015 = 100)","7006","June","","100.7304","X","Figure from international organizations","base year is 2015"
"CP","Consumer Price Indices","756","Switzerland","2015","2015","23013","Consumer Prices, Food Indices (2015 = 100)","7007","July","","100.1715","X","Figure from international organizations","base year is 2015"
"CP","Consumer Price Indices","756","Switzerland","2015","2015","23013","Consumer Prices, Food Indices (2015 = 100)","7008","August","","100.5932","X","Figure from international organizations","base year is 2015"
"CP","Consumer Price Indices","756","Switzerland","2015","2015","23013","Consumer Prices, Food Indices (2015 = 100)","7009","September","","100.5477","X","Figure from international organizations","base year is 2015"
"CP","Consumer Price Indices","756","Switzerland","2015","2015","23013","Consumer Prices, Food Indices (2015 = 100)","7010","October","","100.0411","X","Figure from international organizations","base year is 2015"
"CP","Consumer Price Indices","756","Switzerland","2015","2015","23013","Consumer Prices, Food Indices (2015 = 100)","7011","November","","99.8869","X","Figure from international organizations","base year is 2015"
"CP","Consumer Price Indices","756","Switzerland","2015","2015","23013","Consumer Prices, Food Indices (2015 = 100)","7012","December","","98.77072","X","Figure from international organizations","base year is 2015"
"CP","Consumer Price Indices","756","Switzerland","2016","2016","23013","Consumer Prices, Food Indices (2015 = 100)","7001","January","","99.09564","X","Figure from international organizations","base year is 2015"
"CP","Consumer Price Indices","756","Switzerland","2016","2016","23013","Consumer Prices, Food Indices (2015 = 100)","7002","February","","99.4419","X","Figure from international organizations","base year is 2015"
"CP","Consumer Price Indices","756","Switzerland","2016","2016","23013","Consumer Prices, Food Indices (2015 = 100)","7003","March","","99.457","X","Figure from international organizations","base year is 2015"
"CP","Consumer Price Indices","756","Switzerland","2016","2016","23013","Consumer Prices, Food Indices (2015 = 100)","7004","April","","99.54075","X","Figure from international organizations","base year is 2015"
"CP","Consumer Price Indices","756","Switzerland","2016","2016","23013","Consumer Prices, Food Indices (2015 = 100)","7005","May","","100.1272","X","Figure from international organizations","base year is 2015"
"CP","Consumer Price Indices","756","Switzerland","2016","2016","23013","Consumer Prices, Food Indices (2015 = 100)","7006","June","","101.3568","X","Figure from international organizations","base year is 2015"
"CP","Consumer Price Indices","756","Switzerland","2016","2016","23013","Consumer Prices, Food Indices (2015 = 100)","7007","July","","101.4196","X","Figure from international organizations","base year is 2015"
"CP","Consumer Price Indices","756","Switzerland","2016","2016","23013","Consumer Prices, Food Indices (2015 = 100)","7008","August","","101.8902","X","Figure from international organizations","base year is 2015"
"CP","Consumer Price Indices","756","Switzerland","2016","2016","23013","Consumer Prices, Food Indices (2015 = 100)","7009","September","","101.1557","X","Figure from international organizations","base year is 2015"
"CP","Consumer Price Indices","756","Switzerland","2016","2016","23013","Consumer Prices, Food Indices (2015 = 100)","7010","October","","100.8654","X","Figure from international organizations","base year is 2015"
"CP","Consumer Price Indices","756","Switzerland","2016","2016","23013","Consumer Prices, Food Indices (2015 = 100)","7011","November","","100.6571","X","Figure from international organizations","base year is 2015"
"CP","Consumer Price Indices","756","Switzerland","2016","2016","23013","Consumer Prices, Food Indices (2015 = 100)","7012","December","","99.67825","X","Figure from international organizations","base year is 2015"
"CP","Consumer Price Indices","756","Switzerland","2017","2017","23013","Consumer Prices, Food Indices (2015 = 100)","7001","January","","100.0014","X","Figure from international organizations","base year is 2015"
"CP","Consumer Price Indices","756","Switzerland","2017","2017","23013","Consumer Prices, Food Indices (2015 = 100)","7002","February","","101.2555","X","Figure from international organizations","base year is 2015"
"CP","Consumer Price Indices","756","Switzerland","2017","2017","23013","Consumer Prices, Food Indices (2015 = 100)","7003","March","","100.0352","X","Figure from international organizations","base year is 2015"
"CP","Consumer Price Indices","756","Switzerland","2017","2017","23013","Consumer Prices, Food Indices (2015 = 100)","7004","April","","99.51367","X","Figure from international organizations","base year is 2015"
"CP","Consumer Price Indices","756","Switzerland","2017","2017","23013","Consumer Prices, Food Indices (2015 = 100)","7005","May","","100.8425","X","Figure from international organizations","base year is 2015"
"CP","Consumer Price Indices","756","Switzerland","2017","2017","23013","Consumer Prices, Food Indices (2015 = 100)","7006","June","","100.7623","X","Figure from international organizations","base year is 2015"
"CP","Consumer Price Indices","756","Switzerland","2017","2017","23013","Consumer Prices, Food Indices (2015 = 100)","7007","July","","101.7276","X","Figure from international organizations","base year is 2015"
"CP","Consumer Price Indices","756","Switzerland","2017","2017","23013","Consumer Prices, Food Indices (2015 = 100)","7008","August","","101.53","X","Figure from international organizations","base year is 2015"
"CP","Consumer Price Indices","756","Switzerland","2017","2017","23013","Consumer Prices, Food Indices (2015 = 100)","7009","September","","101.4746","X","Figure from international organizations","base year is 2015"
"CP","Consumer Price Indices","756","Switzerland","2017","2017","23013","Consumer Prices, Food Indices (2015 = 100)","7010","October","","101.2477","X","Figure from international organizations","base year is 2015"
"CP","Consumer Price Indices","756","Switzerland","2017","2017","23013","Consumer Prices, Food Indices (2015 = 100)","7011","November","","100.9914","X","Figure from international organizations","base year is 2015"
"CP","Consumer Price Indices","756","Switzerland","2017","2017","23013","Consumer Prices, Food Indices (2015 = 100)","7012","December","","100.3039","X","Figure from international organizations","base year is 2015"
"CP","Consumer Price Indices","756","Switzerland","2018","2018","23013","Consumer Prices, Food Indices (2015 = 100)","7001","January","","101.0473","X","Figure from international organizations","base year is 2015"
"CP","Consumer Price Indices","756","Switzerland","2018","2018","23013","Consumer Prices, Food Indices (2015 = 100)","7002","February","","100.8426","X","Figure from international organizations","base year is 2015"
"CP","Consumer Price Indices","756","Switzerland","2018","2018","23013","Consumer Prices, Food Indices (2015 = 100)","7003","March","","100.9765","X","Figure from international organizations","base year is 2015"
"CP","Consumer Price Indices","756","Switzerland","2018","2018","23013","Consumer Prices, Food Indices (2015 = 100)","7004","April","","100.8818","X","Figure from international organizations","base year is 2015"
"CP","Consumer Price Indices","756","Switzerland","2018","2018","23013","Consumer Prices, Food Indices (2015 = 100)","7005","May","","102.4391","X","Figure from international organizations","base year is 2015"
"CP","Consumer Price Indices","756","Switzerland","2018","2018","23013","Consumer Prices, Food Indices (2015 = 100)","7006","June","","102.9004","X","Figure from international organizations","base year is 2015"
"CP","Consumer Price Indices","756","Switzerland","2018","2018","23013","Consumer Prices, Food Indices (2015 = 100)","7007","July","","103.2322","X","Figure from international organizations","base year is 2015"
"CP","Consumer Price Indices","756","Switzerland","2018","2018","23013","Consumer Prices, Food Indices (2015 = 100)","7008","August","","102.6003","X","Figure from international organizations","base year is 2015"
"CP","Consumer Price Indices","756","Switzerland","2018","2018","23013","Consumer Prices, Food Indices (2015 = 100)","7009","September","","103.0286","X","Figure from international organizations","base year is 2015"
"CP","Consumer Price Indices","756","Switzerland","2018","2018","23013","Consumer Prices, Food Indices (2015 = 100)","7010","October","","102.9394","X","Figure from international organizations","base year is 2015"
"CP","Consumer Price Indices","756","Switzerland","2018","2018","23013","Consumer Prices, Food Indices (2015 = 100)","7011","November","","102.2756","X","Figure from international organizations","base year is 2015"
"CP","Consumer Price Indices","756","Switzerland","2018","2018","23013","Consumer Prices, Food Indices (2015 = 100)","7012","December","","101.7886","X","Figure from international organizations","base year is 2015"
"CP","Consumer Price Indices","756","Switzerland","2019","2019","23013","Consumer Prices, Food Indices (2015 = 100)","7001","January","","101.904","X","Figure from international organizations","base year is 2015"
"CP","Consumer Price Indices","756","Switzerland","2019","2019","23013","Consumer Prices, Food Indices (2015 = 100)","7002","February","","102.3213","X","Figure from international organizations","base year is 2015"
"CP","Consumer Price Indices","756","Switzerland","2019","2019","23013","Consumer Prices, Food Indices (2015 = 100)","7003","March","","102.0305","X","Figure from international organizations","base year is 2015"
"CP","Consumer Price Indices","756","Switzerland","2019","2019","23013","Consumer Prices, Food Indices (2015 = 100)","7004","April","","102.1234","X","Figure from international organizations","base year is 2015"
"CP","Consumer Price Indices","756","Switzerland","2019","2019","23013","Consumer Prices, Food Indices (2015 = 100)","7005","May","","102.6494","X","Figure from international organizations","base year is 2015"
"CP","Consumer Price Indices","756","Switzerland","2019","2019","23013","Consumer Prices, Food Indices (2015 = 100)","7006","June","","103.0402","X","Figure from international organizations","base year is 2015"
"CP","Consumer Price Indices","756","Switzerland","2019","2019","23013","Consumer Prices, Food Indices (2015 = 100)","7007","July","","102.8488","X","Figure from international organizations","base year is 2015"
"CP","Consumer Price Indices","756","Switzerland","2019","2019","23013","Consumer Prices, Food Indices (2015 = 100)","7008","August","","102.9344","X","Figure from international organizations","base year is 2015"
"CP","Consumer Price Indices","756","Switzerland","2019","2019","23013","Consumer Prices, Food Indices (2015 = 100)","7009","September","","102.6801","X","Figure from international organizations","base year is 2015"
"CP","Consumer Price Indices","756","Switzerland","2019","2019","23013","Consumer Prices, Food Indices (2015 = 100)","7010","October","","101.6767","X","Figure from international organizations","base year is 2015"
"CP","Consumer Price Indices","756","Switzerland","2019","2019","23013","Consumer Prices, Food Indices (2015 = 100)","7011","November","","101.0368","X","Figure from international organizations","base year is 2015"
"CP","Consumer Price Indices","756","Switzerland","2019","2019","23013","Consumer Prices, Food Indices (2015 = 100)","7012","December","","101.0811","X","Figure from international organizations","base year is 2015"
"CP","Consumer Price Indices","756","Switzerland","2020","2020","23013","Consumer Prices, Food Indices (2015 = 100)","7001","January","","100.9137","X","Figure from international organizations","base year is 2015"
"CP","Consumer Price Indices","756","Switzerland","2020","2020","23013","Consumer Prices, Food Indices (2015 = 100)","7002","February","","100.9871","X","Figure from international organizations","base year is 2015"
"CP","Consumer Price Indices","756","Switzerland","2020","2020","23013","Consumer Prices, Food Indices (2015 = 100)","7003","March","","101.6899","X","Figure from international organizations","base year is 2015"
"CP","Consumer Price Indices","756","Switzerland","2020","2020","23013","Consumer Prices, Food Indices (2015 = 100)","7004","April","","102.4072","X","Figure from international organizations","base year is 2015"
"CP","Consumer Price Indices","756","Switzerland","2020","2020","23013","Consumer Prices, Food Indices (2015 = 100)","7005","May","","103.0473","X","Figure from international organizations","base year is 2015"
"CP","Consumer Price Indices","756","Switzerland","2020","2020","23013","Consumer Prices, Food Indices (2015 = 100)","7006","June","","104.0586","X","Figure from international organizations","base year is 2015"
"CP","Consumer Price Indices","756","Switzerland","2020","2020","23013","Consumer Prices, Food Indices (2015 = 100)","7007","July","","103.5476","X","Figure from international organizations","base year is 2015"
"CP","Consumer Price Indices","756","Switzerland","2020","2020","23013","Consumer Prices, Food Indices (2015 = 100)","7008","August","","103.1055","X","Figure from international organizations","base year is 2015"
"CP","Consumer Price Indices","756","Switzerland","2020","2020","23013","Consumer Prices, Food Indices (2015 = 100)","7009","September","","103.1562","X","Figure from international organizations","base year is 2015"
"CP","Consumer Price Indices","756","Switzerland","2020","2020","23013","Consumer Prices, Food Indices (2015 = 100)","7010","October","","102.4718","X","Figure from international organizations","base year is 2015"
"CP","Consumer Price Indices","756","Switzerland","2020","2020","23013","Consumer Prices, Food Indices (2015 = 100)","7011","November","","101.4193","X","Figure from international organizations","base year is 2015"
"CP","Consumer Price Indices","756","Switzerland","2020","2020","23013","Consumer Prices, Food Indices (2015 = 100)","7012","December","","100.6567","X","Figure from international organizations","base year is 2015"
"CP","Consumer Price Indices","756","Switzerland","2021","2021","23013","Consumer Prices, Food Indices (2015 = 100)","7001","January","","100.645","X","Figure from international organizations","base year is 2015"
"CP","Consumer Price Indices","756","Switzerland","2021","2021","23013","Consumer Prices, Food Indices (2015 = 100)","7002","February","","100.4793","X","Figure from international organizations","base year is 2015"
"CP","Consumer Price Indices","756","Switzerland","2021","2021","23013","Consumer Prices, Food Indices (2015 = 100)","7003","March","","100.1439","X","Figure from international organizations","base year is 2015"
"CP","Consumer Price Indices","756","Switzerland","2021","2021","23013","Consumer Prices, Food Indices (2015 = 100)","7004","April","","100.3999","X","Figure from international organizations","base year is 2015"
"CP","Consumer Price Indices","756","Switzerland","2021","2021","23013","Consumer Prices, Food Indices (2015 = 100)","7005","May","","100.9247","X","Figure from international organizations","base year is 2015"
"CP","Consumer Price Indices","756","Switzerland","2021","2021","23013","Consumer Prices, Food Indices (2015 = 100)","7006","June","","101.1602","X","Figure from international organizations","base year is 2015"
"CP","Consumer Price Indices","756","Switzerland","2021","2021","23013","Consumer Prices, Food Indices (2015 = 100)","7007","July","","101.4427","X","Figure from international organizations","base year is 2015"
"CP","Consumer Price Indices","756","Switzerland","2021","2021","23013","Consumer Prices, Food Indices (2015 = 100)","7008","August","","101.9165","X","Figure from international organizations","base year is 2015"
"CP","Consumer Price Indices","756","Switzerland","2021","2021","23013","Consumer Prices, Food Indices (2015 = 100)","7009","September","","101.3749","X","Figure from international organizations","base year is 2015"
"CP","Consumer Price Indices","756","Switzerland","2021","2021","23013","Consumer Prices, Food Indices (2015 = 100)","7010","October","","100.4663","X","Figure from international organizations","base year is 2015"
"CP","Consumer Price Indices","756","Switzerland","2021","2021","23013","Consumer Prices, Food Indices (2015 = 100)","7011","November","","99.74266","X","Figure from international organizations","base year is 2015"
"CP","Consumer Price Indices","756","Switzerland","2021","2021","23013","Consumer Prices, Food Indices (2015 = 100)","7012","December","","99.23636","X","Figure from international organizations","base year is 2015"
"CP","Consumer Price Indices","756","Switzerland","2022","2022","23013","Consumer Prices, Food Indices (2015 = 100)","7001","January","","99.11507","X","Figure from international organizations","base year is 2015"
"CP","Consumer Price Indices","756","Switzerland","2022","2022","23013","Consumer Prices, Food Indices (2015 = 100)","7002","February","","99.35745","X","Figure from international organizations","base year is 2015"
"CP","Consumer Price Indices","756","Switzerland","2022","2022","23013","Consumer Prices, Food Indices (2015 = 100)","7003","March","","100.1877","X","Figure from international organizations","base year is 2015"
"CP","Consumer Price Indices","756","Switzerland","2022","2022","23013","Consumer Prices, Food Indices (2015 = 100)","7004","April","","100.1473","X","Figure from international organizations","base year is 2015"
"CP","Consumer Price Indices","756","Switzerland","2022","2022","23013","Consumer Prices, Food Indices (2015 = 100)","7005","May","","101.9863","X","Figure from international organizations","base year is 2015"
"CP","Consumer Price Indices","756","Switzerland","2022","2022","23013","Consumer Prices, Food Indices (2015 = 100)","7006","June","","103.0772","X","Figure from international organizations","base year is 2015"
"CP","Consumer Price Indices","756","Switzerland","2022","2022","23013","Consumer Prices, Food Indices (2015 = 100)","7007","July","","103.3703","X","Figure from international organizations","base year is 2015"
"CP","Consumer Price Indices","756","Switzerland","2022","2022","23013","Consumer Prices, Food Indices (2015 = 100)","7008","August","","104.4205","X","Figure from international organizations","base year is 2015"
"CP","Consumer Price Indices","756","Switzerland","2022","2022","23013","Consumer Prices, Food Indices (2015 = 100)","7009","September","","104.2809","X","Figure from international organizations","base year is 2015"
"CP","Consumer Price Indices","756","Switzerland","2015","2015","23012","Consumer Prices, General Indices (2015 = 100)","7001","January","","100.2702","X","Figure from international organizations","base year is 2015"
"CP","Consumer Price Indices","756","Switzerland","2015","2015","23012","Consumer Prices, General Indices (2015 = 100)","7002","February","","100.0125","X","Figure from international organizations","base year is 2015"
"CP","Consumer Price Indices","756","Switzerland","2015","2015","23012","Consumer Prices, General Indices (2015 = 100)","7003","March","","100.3387","X","Figure from international organizations","base year is 2015"
"CP","Consumer Price Indices","756","Switzerland","2015","2015","23012","Consumer Prices, General Indices (2015 = 100)","7004","April","","100.1567","X","Figure from international organizations","base year is 2015"
"CP","Consumer Price Indices","756","Switzerland","2015","2015","23012","Consumer Prices, General Indices (2015 = 100)","7005","May","","100.3899","X","Figure from international organizations","base year is 2015"
"CP","Consumer Price Indices","756","Switzerland","2015","2015","23012","Consumer Prices, General Indices (2015 = 100)","7006","June","","100.4636","X","Figure from international organizations","base year is 2015"
"CP","Consumer Price Indices","756","Switzerland","2015","2015","23012","Consumer Prices, General Indices (2015 = 100)","7007","July","","99.84627","X","Figure from international organizations","base year is 2015"
"CP","Consumer Price Indices","756","Switzerland","2015","2015","23012","Consumer Prices, General Indices (2015 = 100)","7008","August","","99.68618","X","Figure from international organizations","base year is 2015"
"CP","Consumer Price Indices","756","Switzerland","2015","2015","23012","Consumer Prices, General Indices (2015 = 100)","7009","September","","99.78522","X","Figure from international organizations","base year is 2015"
"CP","Consumer Price Indices","756","Switzerland","2015","2015","23012","Consumer Prices, General Indices (2015 = 100)","7010","October","","99.86822","X","Figure from international organizations","base year is 2015"
"CP","Consumer Price Indices","756","Switzerland","2015","2015","23012","Consumer Prices, General Indices (2015 = 100)","7011","November","","99.79624","X","Figure from international organizations","base year is 2015"
"CP","Consumer Price Indices","756","Switzerland","2015","2015","23012","Consumer Prices, General Indices (2015 = 100)","7012","December","","99.38626","X","Figure from international organizations","base year is 2015"
"CP","Consumer Price Indices","756","Switzerland","2016","2016","23012","Consumer Prices, General Indices (2015 = 100)","7001","January","","99.00013","X","Figure from international organizations","base year is 2015"
"CP","Consumer Price Indices","756","Switzerland","2016","2016","23012","Consumer Prices, General Indices (2015 = 100)","7002","February","","99.18388","X","Figure from international organizations","base year is 2015"
"CP","Consumer Price Indices","756","Switzerland","2016","2016","23012","Consumer Prices, General Indices (2015 = 100)","7003","March","","99.47507","X","Figure from international organizations","base year is 2015"
"CP","Consumer Price Indices","756","Switzerland","2016","2016","23012","Consumer Prices, General Indices (2015 = 100)","7004","April","","99.80416","X","Figure from international organizations","base year is 2015"
"CP","Consumer Price Indices","756","Switzerland","2016","2016","23012","Consumer Prices, General Indices (2015 = 100)","7005","May","","99.94821","X","Figure from international organizations","base year is 2015"
"CP","Consumer Price Indices","756","Switzerland","2016","2016","23012","Consumer Prices, General Indices (2015 = 100)","7006","June","","100.0878","X","Figure from international organizations","base year is 2015"
"CP","Consumer Price Indices","756","Switzerland","2016","2016","23012","Consumer Prices, General Indices (2015 = 100)","7007","July","","99.64368","X","Figure from international organizations","base year is 2015"
"CP","Consumer Price Indices","756","Switzerland","2016","2016","23012","Consumer Prices, General Indices (2015 = 100)","7008","August","","99.54354","X","Figure from international organizations","base year is 2015"
"CP","Consumer Price Indices","756","Switzerland","2016","2016","23012","Consumer Prices, General Indices (2015 = 100)","7009","September","","99.60408","X","Figure from international organizations","base year is 2015"
"CP","Consumer Price Indices","756","Switzerland","2016","2016","23012","Consumer Prices, General Indices (2015 = 100)","7010","October","","99.65571","X","Figure from international organizations","base year is 2015"
"CP","Consumer Price Indices","756","Switzerland","2016","2016","23012","Consumer Prices, General Indices (2015 = 100)","7011","November","","99.45873","X","Figure from international organizations","base year is 2015"
"CP","Consumer Price Indices","756","Switzerland","2016","2016","23012","Consumer Prices, General Indices (2015 = 100)","7012","December","","99.37955","X","Figure from international organizations","base year is 2015"
"CP","Consumer Price Indices","756","Switzerland","2017","2017","23012","Consumer Prices, General Indices (2015 = 100)","7001","January","","99.34556","X","Figure from international organizations","base year is 2015"
"CP","Consumer Price Indices","756","Switzerland","2017","2017","23012","Consumer Prices, General Indices (2015 = 100)","7002","February","","99.82462","X","Figure from international organizations","base year is 2015"
"CP","Consumer Price Indices","756","Switzerland","2017","2017","23012","Consumer Prices, General Indices (2015 = 100)","7003","March","","100.0399","X","Figure from international organizations","base year is 2015"
"CP","Consumer Price Indices","756","Switzerland","2017","2017","23012","Consumer Prices, General Indices (2015 = 100)","7004","April","","100.2411","X","Figure from international organizations","base year is 2015"
"CP","Consumer Price Indices","756","Switzerland","2017","2017","23012","Consumer Prices, General Indices (2015 = 100)","7005","May","","100.4274","X","Figure from international organizations","base year is 2015"
"CP","Consumer Price Indices","756","Switzerland","2017","2017","23012","Consumer Prices, General Indices (2015 = 100)","7006","June","","100.2852","X","Figure from international organizations","base year is 2015"
"CP","Consumer Price Indices","756","Switzerland","2017","2017","23012","Consumer Prices, General Indices (2015 = 100)","7007","July","","99.97176","X","Figure from international organizations","base year is 2015"
"CP","Consumer Price Indices","756","Switzerland","2017","2017","23012","Consumer Prices, General Indices (2015 = 100)","7008","August","","100.0041","X","Figure from international organizations","base year is 2015"
"CP","Consumer Price Indices","756","Switzerland","2017","2017","23012","Consumer Prices, General Indices (2015 = 100)","7009","September","","100.2535","X","Figure from international organizations","base year is 2015"
"CP","Consumer Price Indices","756","Switzerland","2017","2017","23012","Consumer Prices, General Indices (2015 = 100)","7010","October","","100.3144","X","Figure from international organizations","base year is 2015"
"CP","Consumer Price Indices","756","Switzerland","2017","2017","23012","Consumer Prices, General Indices (2015 = 100)","7011","November","","100.2415","X","Figure from international organizations","base year is 2015"
"CP","Consumer Price Indices","756","Switzerland","2017","2017","23012","Consumer Prices, General Indices (2015 = 100)","7012","December","","100.213","X","Figure from international organizations","base year is 2015"
"CP","Consumer Price Indices","756","Switzerland","2018","2018","23012","Consumer Prices, General Indices (2015 = 100)","7001","January","","100.0809","X","Figure from international organizations","base year is 2015"
"CP","Consumer Price Indices","756","Switzerland","2018","2018","23012","Consumer Prices, General Indices (2015 = 100)","7002","February","","100.4516","X","Figure from international organizations","base year is 2015"
"CP","Consumer Price Indices","756","Switzerland","2018","2018","23012","Consumer Prices, General Indices (2015 = 100)","7003","March","","100.8356","X","Figure from international organizations","base year is 2015"
"CP","Consumer Price Indices","756","Switzerland","2018","2018","23012","Consumer Prices, General Indices (2015 = 100)","7004","April","","101.0462","X","Figure from international organizations","base year is 2015"
"CP","Consumer Price Indices","756","Switzerland","2018","2018","23012","Consumer Prices, General Indices (2015 = 100)","7005","May","","101.4309","X","Figure from international organizations","base year is 2015"
"CP","Consumer Price Indices","756","Switzerland","2018","2018","23012","Consumer Prices, General Indices (2015 = 100)","7006","June","","101.4351","X","Figure from international organizations","base year is 2015"
"CP","Consumer Price Indices","756","Switzerland","2018","2018","23012","Consumer Prices, General Indices (2015 = 100)","7007","July","","101.2017","X","Figure from international organizations","base year is 2015"
"CP","Consumer Price Indices","756","Switzerland","2018","2018","23012","Consumer Prices, General Indices (2015 = 100)","7008","August","","101.1853","X","Figure from international organizations","base year is 2015"
"CP","Consumer Price Indices","756","Switzerland","2018","2018","23012","Consumer Prices, General Indices (2015 = 100)","7009","September","","101.2455","X","Figure from international organizations","base year is 2015"
"CP","Consumer Price Indices","756","Switzerland","2018","2018","23012","Consumer Prices, General Indices (2015 = 100)","7010","October","","101.4245","X","Figure from international organizations","base year is 2015"
"CP","Consumer Price Indices","756","Switzerland","2018","2018","23012","Consumer Prices, General Indices (2015 = 100)","7011","November","","101.1657","X","Figure from international organizations","base year is 2015"
"CP","Consumer Price Indices","756","Switzerland","2018","2018","23012","Consumer Prices, General Indices (2015 = 100)","7012","December","","100.906","X","Figure from international organizations","base year is 2015"
"CP","Consumer Price Indices","756","Switzerland","2019","2019","23012","Consumer Prices, General Indices (2015 = 100)","7001","January","","100.6415","X","Figure from international organizations","base year is 2015"
"CP","Consumer Price Indices","756","Switzerland","2019","2019","23012","Consumer Prices, General Indices (2015 = 100)","7002","February","","101.0328","X","Figure from international organizations","base year is 2015"
"CP","Consumer Price Indices","756","Switzerland","2019","2019","23012","Consumer Prices, General Indices (2015 = 100)","7003","March","","101.5708","X","Figure from international organizations","base year is 2015"
"CP","Consumer Price Indices","756","Switzerland","2019","2019","23012","Consumer Prices, General Indices (2015 = 100)","7004","April","","101.7617","X","Figure from international organizations","base year is 2015"
"CP","Consumer Price Indices","756","Switzerland","2019","2019","23012","Consumer Prices, General Indices (2015 = 100)","7005","May","","102.0742","X","Figure from international organizations","base year is 2015"
"CP","Consumer Price Indices","756","Switzerland","2019","2019","23012","Consumer Prices, General Indices (2015 = 100)","7006","June","","102.0439","X","Figure from international organizations","base year is 2015"
"CP","Consumer Price Indices","756","Switzerland","2019","2019","23012","Consumer Prices, General Indices (2015 = 100)","7007","July","","101.5173","X","Figure from international organizations","base year is 2015"
"CP","Consumer Price Indices","756","Switzerland","2019","2019","23012","Consumer Prices, General Indices (2015 = 100)","7008","August","","101.507","X","Figure from international organizations","base year is 2015"
"CP","Consumer Price Indices","756","Switzerland","2019","2019","23012","Consumer Prices, General Indices (2015 = 100)","7009","September","","101.3957","X","Figure from international organizations","base year is 2015"
"CP","Consumer Price Indices","756","Switzerland","2019","2019","23012","Consumer Prices, General Indices (2015 = 100)","7010","October","","101.1677","X","Figure from international organizations","base year is 2015"
"CP","Consumer Price Indices","756","Switzerland","2019","2019","23012","Consumer Prices, General Indices (2015 = 100)","7011","November","","101.033","X","Figure from international organizations","base year is 2015"
"CP","Consumer Price Indices","756","Switzerland","2019","2019","23012","Consumer Prices, General Indices (2015 = 100)","7012","December","","101.0632","X","Figure from international organizations","base year is 2015"
"CP","Consumer Price Indices","756","Switzerland","2020","2020","23012","Consumer Prices, General Indices (2015 = 100)","7001","January","","100.8451","X","Figure from international organizations","base year is 2015"
"CP","Consumer Price Indices","756","Switzerland","2020","2020","23012","Consumer Prices, General Indices (2015 = 100)","7002","February","","100.97","X","Figure from international organizations","base year is 2015"
"CP","Consumer Price Indices","756","Switzerland","2020","2020","23012","Consumer Prices, General Indices (2015 = 100)","7003","March","","101.0475","X","Figure from international organizations","base year is 2015"
"CP","Consumer Price Indices","756","Switzerland","2020","2020","23012","Consumer Prices, General Indices (2015 = 100)","7004","April","","100.68","X","Figure from international organizations","base year is 2015"
"CP","Consumer Price Indices","756","Switzerland","2020","2020","23012","Consumer Prices, General Indices (2015 = 100)","7005","May","","100.7222","X","Figure from international organizations","base year is 2015"
"CP","Consumer Price Indices","756","Switzerland","2020","2020","23012","Consumer Prices, General Indices (2015 = 100)","7006","June","","100.7431","X","Figure from international organizations","base year is 2015"
"CP","Consumer Price Indices","756","Switzerland","2020","2020","23012","Consumer Prices, General Indices (2015 = 100)","7007","July","","100.5834","X","Figure from international organizations","base year is 2015"
"CP","Consumer Price Indices","756","Switzerland","2020","2020","23012","Consumer Prices, General Indices (2015 = 100)","7008","August","","100.6277","X","Figure from international organizations","base year is 2015"
"CP","Consumer Price Indices","756","Switzerland","2020","2020","23012","Consumer Prices, General Indices (2015 = 100)","7009","September","","100.5846","X","Figure from international organizations","base year is 2015"
"CP","Consumer Price Indices","756","Switzerland","2020","2020","23012","Consumer Prices, General Indices (2015 = 100)","7010","October","","100.5908","X","Figure from international organizations","base year is 2015"
"CP","Consumer Price Indices","756","Switzerland","2020","2020","23012","Consumer Prices, General Indices (2015 = 100)","7011","November","","100.3412","X","Figure from international organizations","base year is 2015"
"CP","Consumer Price Indices","756","Switzerland","2020","2020","23012","Consumer Prices, General Indices (2015 = 100)","7012","December","","100.2407","X","Figure from international organizations","base year is 2015"
"CP","Consumer Price Indices","756","Switzerland","2021","2021","23012","Consumer Prices, General Indices (2015 = 100)","7001","January","","100.2961","X","Figure from international organizations","base year is 2015"
"CP","Consumer Price Indices","756","Switzerland","2021","2021","23012","Consumer Prices, General Indices (2015 = 100)","7002","February","","100.461","X","Figure from international organizations","base year is 2015"
"CP","Consumer Price Indices","756","Switzerland","2021","2021","23012","Consumer Prices, General Indices (2015 = 100)","7003","March","","100.7998","X","Figure from international organizations","base year is 2015"
"CP","Consumer Price Indices","756","Switzerland","2021","2021","23012","Consumer Prices, General Indices (2015 = 100)","7004","April","","101.0101","X","Figure from international organizations","base year is 2015"
"CP","Consumer Price Indices","756","Switzerland","2021","2021","23012","Consumer Prices, General Indices (2015 = 100)","7005","May","","101.2771","X","Figure from international organizations","base year is 2015"
"CP","Consumer Price Indices","756","Switzerland","2021","2021","23012","Consumer Prices, General Indices (2015 = 100)","7006","June","","101.3521","X","Figure from international organizations","base year is 2015"
"CP","Consumer Price Indices","756","Switzerland","2021","2021","23012","Consumer Prices, General Indices (2015 = 100)","7007","July","","101.2662","X","Figure from international organizations","base year is 2015"
"CP","Consumer Price Indices","756","Switzerland","2021","2021","23012","Consumer Prices, General Indices (2015 = 100)","7008","August","","101.5149","X","Figure from international organizations","base year is 2015"
"CP","Consumer Price Indices","756","Switzerland","2021","2021","23012","Consumer Prices, General Indices (2015 = 100)","7009","September","","101.5325","X","Figure from international organizations","base year is 2015"
"CP","Consumer Price Indices","756","Switzerland","2021","2021","23012","Consumer Prices, General Indices (2015 = 100)","7010","October","","101.84","X","Figure from international organizations","base year is 2015"
"CP","Consumer Price Indices","756","Switzerland","2021","2021","23012","Consumer Prices, General Indices (2015 = 100)","7011","November","","101.8792","X","Figure from international organizations","base year is 2015"
"CP","Consumer Price Indices","756","Switzerland","2021","2021","23012","Consumer Prices, General Indices (2015 = 100)","7012","December","","101.7755","X","Figure from international organizations","base year is 2015"
"CP","Consumer Price Indices","756","Switzerland","2022","2022","23012","Consumer Prices, General Indices (2015 = 100)","7001","January","","101.9498","X","Figure from international organizations","base year is 2015"
"CP","Consumer Price Indices","756","Switzerland","2022","2022","23012","Consumer Prices, General Indices (2015 = 100)","7002","February","","102.6218","X","Figure from international organizations","base year is 2015"
"CP","Consumer Price Indices","756","Switzerland","2022","2022","23012","Consumer Prices, General Indices (2015 = 100)","7003","March","","103.205","X","Figure from international organizations","base year is 2015"
"CP","Consumer Price Indices","756","Switzerland","2022","2022","23012","Consumer Prices, General Indices (2015 = 100)","7004","April","","103.5838","X","Figure from international organizations","base year is 2015"
"CP","Consumer Price Indices","756","Switzerland","2022","2022","23012","Consumer Prices, General Indices (2015 = 100)","7005","May","","104.2572","X","Figure from international organizations","base year is 2015"
"CP","Consumer Price Indices","756","Switzerland","2022","2022","23012","Consumer Prices, General Indices (2015 = 100)","7006","June","","104.7828","X","Figure from international organizations","base year is 2015"
"CP","Consumer Price Indices","756","Switzerland","2022","2022","23012","Consumer Prices, General Indices (2015 = 100)","7007","July","","104.7431","X","Figure from international organizations","base year is 2015"
"CP","Consumer Price Indices","756","Switzerland","2022","2022","23012","Consumer Prices, General Indices (2015 = 100)","7008","August","","105.0193","X","Figure from international organizations","base year is 2015"
"CP","Consumer Price Indices","756","Switzerland","2022","2022","23012","Consumer Prices, General Indices (2015 = 100)","7009","September","","104.8348","X","Figure from international organizations","base year is 2015"
"CP","Consumer Price Indices","756","Switzerland","2015","2015","23014","Food price inflation","7001","January","%","0.310393","E","Estimated value",""
"CP","Consumer Price Indices","756","Switzerland","2015","2015","23014","Food price inflation","7002","February","%","-0.061155","E","Estimated value",""
"CP","Consumer Price Indices","756","Switzerland","2015","2015","23014","Food price inflation","7003","March","%","-1.034569","E","Estimated value",""
"CP","Consumer Price Indices","756","Switzerland","2015","2015","23014","Food price inflation","7004","April","%","-0.51104","E","Estimated value",""
"CP","Consumer Price Indices","756","Switzerland","2015","2015","23014","Food price inflation","7005","May","%","-1.160777","E","Estimated value",""
"CP","Consumer Price Indices","756","Switzerland","2015","2015","23014","Food price inflation","7006","June","%","-0.802401","E","Estimated value",""
"CP","Consumer Price Indices","756","Switzerland","2015","2015","23014","Food price inflation","7007","July","%","-1.467877","E","Estimated value",""
"CP","Consumer Price Indices","756","Switzerland","2015","2015","23014","Food price inflation","7008","August","%","-1.127867","E","Estimated value",""
"CP","Consumer Price Indices","756","Switzerland","2015","2015","23014","Food price inflation","7009","September","%","-1.335219","E","Estimated value",""
"CP","Consumer Price Indices","756","Switzerland","2015","2015","23014","Food price inflation","7010","October","%","-0.56723","E","Estimated value",""
"CP","Consumer Price Indices","756","Switzerland","2015","2015","23014","Food price inflation","7011","November","%","-0.5681","E","Estimated value",""
"CP","Consumer Price Indices","756","Switzerland","2015","2015","23014","Food price inflation","7012","December","%","-1.227137","E","Estimated value",""
"CP","Consumer Price Indices","756","Switzerland","2016","2016","23014","Food price inflation","7001","January","%","-1.40375","E","Estimated value",""
"CP","Consumer Price Indices","756","Switzerland","2016","2016","23014","Food price inflation","7002","February","%","-0.406868","E","Estimated value",""
"CP","Consumer Price Indices","756","Switzerland","2016","2016","23014","Food price inflation","7003","March","%","-0.064629","E","Estimated value",""
"CP","Consumer Price Indices","756","Switzerland","2016","2016","23014","Food price inflation","7004","April","%","0.073572","E","Estimated value",""
"CP","Consumer Price Indices","756","Switzerland","2016","2016","23014","Food price inflation","7005","May","%","0.212491","E","Estimated value",""
"CP","Consumer Price Indices","756","Switzerland","2016","2016","23014","Food price inflation","7006","June","%","0.621858","E","Estimated value",""
"CP","Consumer Price Indices","756","Switzerland","2016","2016","23014","Food price inflation","7007","July","%","1.245963","E","Estimated value",""
"CP","Consumer Price Indices","756","Switzerland","2016","2016","23014","Food price inflation","7008","August","%","1.289352","E","Estimated value",""
"CP","Consumer Price Indices","756","Switzerland","2016","2016","23014","Food price inflation","7009","September","%","0.604688","E","Estimated value",""
"CP","Consumer Price Indices","756","Switzerland","2016","2016","23014","Food price inflation","7010","October","%","0.823961","E","Estimated value",""
"CP","Consumer Price Indices","756","Switzerland","2016","2016","23014","Food price inflation","7011","November","%","0.771072","E","Estimated value",""
"CP","Consumer Price Indices","756","Switzerland","2016","2016","23014","Food price inflation","7012","December","%","0.918825","E","Estimated value",""
"CP","Consumer Price Indices","756","Switzerland","2017","2017","23014","Food price inflation","7001","January","%","0.914026","E","Estimated value",""
"CP","Consumer Price Indices","756","Switzerland","2017","2017","23014","Food price inflation","7002","February","%","1.823779","E","Estimated value",""
"CP","Consumer Price Indices","756","Switzerland","2017","2017","23014","Food price inflation","7003","March","%","0.581357","E","Estimated value",""
"CP","Consumer Price Indices","756","Switzerland","2017","2017","23014","Food price inflation","7004","April","%","-0.027205","E","Estimated value",""
"CP","Consumer Price Indices","756","Switzerland","2017","2017","23014","Food price inflation","7005","May","%","0.714391","E","Estimated value",""
"CP","Consumer Price Indices","756","Switzerland","2017","2017","23014","Food price inflation","7006","June","%","-0.586542","E","Estimated value",""
"CP","Consumer Price Indices","756","Switzerland","2017","2017","23014","Food price inflation","7007","July","%","0.303689","E","Estimated value",""
"CP","Consumer Price Indices","756","Switzerland","2017","2017","23014","Food price inflation","7008","August","%","-0.353518","E","Estimated value",""
"CP","Consumer Price Indices","756","Switzerland","2017","2017","23014","Food price inflation","7009","September","%","0.315257","E","Estimated value",""
"CP","Consumer Price Indices","756","Switzerland","2017","2017","23014","Food price inflation","7010","October","%","0.37902","E","Estimated value",""
"CP","Consumer Price Indices","756","Switzerland","2017","2017","23014","Food price inflation","7011","November","%","0.332118","E","Estimated value",""
"CP","Consumer Price Indices","756","Switzerland","2017","2017","23014","Food price inflation","7012","December","%","0.62767","E","Estimated value",""
"CP","Consumer Price Indices","756","Switzerland","2018","2018","23014","Food price inflation","7001","January","%","1.045885","E","Estimated value",""
"CP","Consumer Price Indices","756","Switzerland","2018","2018","23014","Food price inflation","7002","February","%","-0.40778","E","Estimated value",""
"CP","Consumer Price Indices","756","Switzerland","2018","2018","23014","Food price inflation","7003","March","%","0.940969","E","Estimated value",""
"CP","Consumer Price Indices","756","Switzerland","2018","2018","23014","Food price inflation","7004","April","%","1.374816","E","Estimated value",""
"CP","Consumer Price Indices","756","Switzerland","2018","2018","23014","Food price inflation","7005","May","%","1.583261","E","Estimated value",""
"CP","Consumer Price Indices","756","Switzerland","2018","2018","23014","Food price inflation","7006","June","%","2.121925","E","Estimated value",""
"CP","Consumer Price Indices","756","Switzerland","2018","2018","23014","Food price inflation","7007","July","%","1.479048","E","Estimated value",""
"CP","Consumer Price Indices","756","Switzerland","2018","2018","23014","Food price inflation","7008","August","%","1.054171","E","Estimated value",""
"CP","Consumer Price Indices","756","Switzerland","2018","2018","23014","Food price inflation","7009","September","%","1.531418","E","Estimated value",""
"CP","Consumer Price Indices","756","Switzerland","2018","2018","23014","Food price inflation","7010","October","%","1.670853","E","Estimated value",""
"CP","Consumer Price Indices","756","Switzerland","2018","2018","23014","Food price inflation","7011","November","%","1.271593","E","Estimated value",""
"CP","Consumer Price Indices","756","Switzerland","2018","2018","23014","Food price inflation","7012","December","%","1.480202","E","Estimated value",""
"CP","Consumer Price Indices","756","Switzerland","2019","2019","23014","Food price inflation","7001","January","%","0.847821","E","Estimated value",""
"CP","Consumer Price Indices","756","Switzerland","2019","2019","23014","Food price inflation","7002","February","%","1.466345","E","Estimated value",""
"CP","Consumer Price Indices","756","Switzerland","2019","2019","23014","Food price inflation","7003","March","%","1.043807","E","Estimated value",""
"CP","Consumer Price Indices","756","Switzerland","2019","2019","23014","Food price inflation","7004","April","%","1.230747","E","Estimated value",""
"CP","Consumer Price Indices","756","Switzerland","2019","2019","23014","Food price inflation","7005","May","%","0.205293","E","Estimated value",""
"CP","Consumer Price Indices","756","Switzerland","2019","2019","23014","Food price inflation","7006","June","%","0.13586","E","Estimated value",""
"CP","Consumer Price Indices","756","Switzerland","2019","2019","23014","Food price inflation","7007","July","%","-0.371396","E","Estimated value",""
"CP","Consumer Price Indices","756","Switzerland","2019","2019","23014","Food price inflation","7008","August","%","0.325633","E","Estimated value",""
"CP","Consumer Price Indices","756","Switzerland","2019","2019","23014","Food price inflation","7009","September","%","-0.338256","E","Estimated value",""
"CP","Consumer Price Indices","756","Switzerland","2019","2019","23014","Food price inflation","7010","October","%","-1.226644","E","Estimated value",""
"CP","Consumer Price Indices","756","Switzerland","2019","2019","23014","Food price inflation","7011","November","%","-1.211237","E","Estimated value",""
"CP","Consumer Price Indices","756","Switzerland","2019","2019","23014","Food price inflation","7012","December","%","-0.695068","E","Estimated value",""
"CP","Consumer Price Indices","756","Switzerland","2020","2020","23014","Food price inflation","7001","January","%","-0.971797","E","Estimated value",""
"CP","Consumer Price Indices","756","Switzerland","2020","2020","23014","Food price inflation","7002","February","%","-1.303932","E","Estimated value",""
"CP","Consumer Price Indices","756","Switzerland","2020","2020","23014","Food price inflation","7003","March","%","-0.333822","E","Estimated value",""
"CP","Consumer Price Indices","756","Switzerland","2020","2020","23014","Food price inflation","7004","April","%","0.277899","E","Estimated value",""
"CP","Consumer Price Indices","756","Switzerland","2020","2020","23014","Food price inflation","7005","May","%","0.38763","E","Estimated value",""
"CP","Consumer Price Indices","756","Switzerland","2020","2020","23014","Food price inflation","7006","June","%","0.988352","E","Estimated value",""
"CP","Consumer Price Indices","756","Switzerland","2020","2020","23014","Food price inflation","7007","July","%","0.679444","E","Estimated value",""
"CP","Consumer Price Indices","756","Switzerland","2020","2020","23014","Food price inflation","7008","August","%","0.166222","E","Estimated value",""
"CP","Consumer Price Indices","756","Switzerland","2020","2020","23014","Food price inflation","7009","September","%","0.463673","E","Estimated value",""
"CP","Consumer Price Indices","756","Switzerland","2020","2020","23014","Food price inflation","7010","October","%","0.781988","E","Estimated value",""
"CP","Consumer Price Indices","756","Switzerland","2020","2020","23014","Food price inflation","7011","November","%","0.378575","E","Estimated value",""
"CP","Consumer Price Indices","756","Switzerland","2020","2020","23014","Food price inflation","7012","December","%","-0.419861","E","Estimated value",""
"CP","Consumer Price Indices","756","Switzerland","2021","2021","23014","Food price inflation","7001","January","%","-0.266267","E","Estimated value",""
"CP","Consumer Price Indices","756","Switzerland","2021","2021","23014","Food price inflation","7002","February","%","-0.502837","E","Estimated value",""
"CP","Consumer Price Indices","756","Switzerland","2021","2021","23014","Food price inflation","7003","March","%","-1.520308","E","Estimated value",""
"CP","Consumer Price Indices","756","Switzerland","2021","2021","23014","Food price inflation","7004","April","%","-1.960116","E","Estimated value",""
"CP","Consumer Price Indices","756","Switzerland","2021","2021","23014","Food price inflation","7005","May","%","-2.059831","E","Estimated value",""
"CP","Consumer Price Indices","756","Switzerland","2021","2021","23014","Food price inflation","7006","June","%","-2.785354","E","Estimated value",""
"CP","Consumer Price Indices","756","Switzerland","2021","2021","23014","Food price inflation","7007","July","%","-2.032785","E","Estimated value",""
"CP","Consumer Price Indices","756","Switzerland","2021","2021","23014","Food price inflation","7008","August","%","-1.153188","E","Estimated value",""
"CP","Consumer Price Indices","756","Switzerland","2021","2021","23014","Food price inflation","7009","September","%","-1.726799","E","Estimated value",""
"CP","Consumer Price Indices","756","Switzerland","2021","2021","23014","Food price inflation","7010","October","%","-1.957124","E","Estimated value",""
"CP","Consumer Price Indices","756","Switzerland","2021","2021","23014","Food price inflation","7011","November","%","-1.653176","E","Estimated value",""
"CP","Consumer Price Indices","756","Switzerland","2021","2021","23014","Food price inflation","7012","December","%","-1.411073","E","Estimated value",""
"CP","Consumer Price Indices","756","Switzerland","2022","2022","23014","Food price inflation","7001","January","%","-1.520125","E","Estimated value",""
"CP","Consumer Price Indices","756","Switzerland","2022","2022","23014","Food price inflation","7002","February","%","-1.116499","E","Estimated value",""
"CP","Consumer Price Indices","756","Switzerland","2022","2022","23014","Food price inflation","7003","March","%","0.043737","E","Estimated value",""
"CP","Consumer Price Indices","756","Switzerland","2022","2022","23014","Food price inflation","7004","April","%","-0.251594","E","Estimated value",""
"CP","Consumer Price Indices","756","Switzerland","2022","2022","23014","Food price inflation","7005","May","%","1.051873","E","Estimated value",""
"CP","Consumer Price Indices","756","Switzerland","2022","2022","23014","Food price inflation","7006","June","%","1.895014","E","Estimated value",""
"CP","Consumer Price Indices","756","Switzerland","2022","2022","23014","Food price inflation","7007","July","%","1.900186","E","Estimated value",""
"CP","Consumer Price Indices","756","Switzerland","2022","2022","23014","Food price inflation","7008","August","%","2.456913","E","Estimated value",""
"CP","Consumer Price Indices","756","Switzerland","2022","2022","23014","Food price inflation","7009","September","%","2.866587","E","Estimated value",""
