﻿Code Domaine,Domaine,Code zone (M49),Zone,Code Élément,Élément,Code Produit (CPC),Produit,Code année,Année,Code Mois,Mois,Unité,Valeur,Symbole,Description du Symbole
"PP","Prix à la Production","756","Suisse","5532","Prix à la Production (USD/tonne)","01343","Abricots","2015","2015","7021","Valeur annuel","USD","2664.2","A","Chiffre officiel"
"PP","Prix à la Production","756","Suisse","5532","Prix à la Production (USD/tonne)","01343","Abricots","2016","2016","7021","Valeur annuel","USD","2694.4","A","Chiffre officiel"
"PP","Prix à la Production","756","Suisse","5532","Prix à la Production (USD/tonne)","01343","Abricots","2017","2017","7021","Valeur annuel","USD","2853.7","A","Chiffre officiel"
"PP","Prix à la Production","756","Suisse","5532","Prix à la Production (USD/tonne)","01343","Abricots","2018","2018","7021","Valeur annuel","USD","2454.3","A","Chiffre officiel"
"PP","Prix à la Production","756","Suisse","5532","Prix à la Production (USD/tonne)","01343","Abricots","2019","2019","7021","Valeur annuel","USD","2415.2","A","Chiffre officiel"
"PP","Prix à la Production","756","Suisse","5532","Prix à la Production (USD/tonne)","01343","Abricots","2020","2020","7021","Valeur annuel","USD","2982","A","Chiffre officiel"
"PP","Prix à la Production","756","Suisse","5532","Prix à la Production (USD/tonne)","01343","Abricots","2021","2021","7021","Valeur annuel","USD","3173.4","A","Chiffre officiel"
"PP","Prix à la Production","756","Suisse","5532","Prix à la Production (USD/tonne)","01216","Artichauts","2015","2015","7021","Valeur annuel","USD","4754.9","A","Chiffre officiel"
"PP","Prix à la Production","756","Suisse","5532","Prix à la Production (USD/tonne)","01216","Artichauts","2016","2016","7021","Valeur annuel","USD","5406","A","Chiffre officiel"
"PP","Prix à la Production","756","Suisse","5532","Prix à la Production (USD/tonne)","01216","Artichauts","2017","2017","7021","Valeur annuel","USD","4265.3","A","Chiffre officiel"
"PP","Prix à la Production","756","Suisse","5532","Prix à la Production (USD/tonne)","01216","Artichauts","2018","2018","7021","Valeur annuel","USD","6084.5","A","Chiffre officiel"
"PP","Prix à la Production","756","Suisse","5532","Prix à la Production (USD/tonne)","01216","Artichauts","2019","2019","7021","Valeur annuel","USD","5847.8","A","Chiffre officiel"
"PP","Prix à la Production","756","Suisse","5532","Prix à la Production (USD/tonne)","01216","Artichauts","2020","2020","7021","Valeur annuel","USD","6175.9","A","Chiffre officiel"
"PP","Prix à la Production","756","Suisse","5532","Prix à la Production (USD/tonne)","01211","Asperges","2015","2015","7021","Valeur annuel","USD","9851.6","A","Chiffre officiel"
"PP","Prix à la Production","756","Suisse","5532","Prix à la Production (USD/tonne)","01211","Asperges","2016","2016","7021","Valeur annuel","USD","10133","A","Chiffre officiel"
"PP","Prix à la Production","756","Suisse","5532","Prix à la Production (USD/tonne)","01211","Asperges","2017","2017","7021","Valeur annuel","USD","9731","A","Chiffre officiel"
"PP","Prix à la Production","756","Suisse","5532","Prix à la Production (USD/tonne)","01211","Asperges","2018","2018","7021","Valeur annuel","USD","9828.3","A","Chiffre officiel"
"PP","Prix à la Production","756","Suisse","5532","Prix à la Production (USD/tonne)","01211","Asperges","2019","2019","7021","Valeur annuel","USD","9753.4","A","Chiffre officiel"
"PP","Prix à la Production","756","Suisse","5532","Prix à la Production (USD/tonne)","01211","Asperges","2020","2020","7021","Valeur annuel","USD","10312.4","A","Chiffre officiel"
"PP","Prix à la Production","756","Suisse","5532","Prix à la Production (USD/tonne)","01355.90","Autres baies et fruits du genre caccinium, n.a.c.","2015","2015","7021","Valeur annuel","USD","11559.9","A","Chiffre officiel"
"PP","Prix à la Production","756","Suisse","5532","Prix à la Production (USD/tonne)","01355.90","Autres baies et fruits du genre caccinium, n.a.c.","2016","2016","7021","Valeur annuel","USD","11289.9","A","Chiffre officiel"
"PP","Prix à la Production","756","Suisse","5532","Prix à la Production (USD/tonne)","01355.90","Autres baies et fruits du genre caccinium, n.a.c.","2017","2017","7021","Valeur annuel","USD","11298","A","Chiffre officiel"
"PP","Prix à la Production","756","Suisse","5532","Prix à la Production (USD/tonne)","01355.90","Autres baies et fruits du genre caccinium, n.a.c.","2018","2018","7021","Valeur annuel","USD","11376.5","A","Chiffre officiel"
"PP","Prix à la Production","756","Suisse","5532","Prix à la Production (USD/tonne)","01355.90","Autres baies et fruits du genre caccinium, n.a.c.","2019","2019","7021","Valeur annuel","USD","11195.4","A","Chiffre officiel"
"PP","Prix à la Production","756","Suisse","5532","Prix à la Production (USD/tonne)","01355.90","Autres baies et fruits du genre caccinium, n.a.c.","2020","2020","7021","Valeur annuel","USD","11848.2","A","Chiffre officiel"
"PP","Prix à la Production","756","Suisse","5532","Prix à la Production (USD/tonne)","01355.90","Autres baies et fruits du genre caccinium, n.a.c.","2021","2021","7021","Valeur annuel","USD","12173.8","A","Chiffre officiel"
"PP","Prix à la Production","756","Suisse","5532","Prix à la Production (USD/tonne)","01241.90","Autres haricots frais","2015","2015","7021","Valeur annuel","USD","1102.5","A","Chiffre officiel"
"PP","Prix à la Production","756","Suisse","5532","Prix à la Production (USD/tonne)","01241.90","Autres haricots frais","2016","2016","7021","Valeur annuel","USD","1140.7","A","Chiffre officiel"
"PP","Prix à la Production","756","Suisse","5532","Prix à la Production (USD/tonne)","01241.90","Autres haricots frais","2017","2017","7021","Valeur annuel","USD","1132.3","A","Chiffre officiel"
"PP","Prix à la Production","756","Suisse","5532","Prix à la Production (USD/tonne)","01241.90","Autres haricots frais","2018","2018","7021","Valeur annuel","USD","1347.8","A","Chiffre officiel"
"PP","Prix à la Production","756","Suisse","5532","Prix à la Production (USD/tonne)","01241.90","Autres haricots frais","2019","2019","7021","Valeur annuel","USD","1399.8","A","Chiffre officiel"
"PP","Prix à la Production","756","Suisse","5532","Prix à la Production (USD/tonne)","01241.90","Autres haricots frais","2020","2020","7021","Valeur annuel","USD","1163","A","Chiffre officiel"
"PP","Prix à la Production","756","Suisse","5532","Prix à la Production (USD/tonne)","01290.90","Autres légumes frais n.a.c.","2015","2015","7021","Valeur annuel","USD","2021","A","Chiffre officiel"
"PP","Prix à la Production","756","Suisse","5532","Prix à la Production (USD/tonne)","01290.90","Autres légumes frais n.a.c.","2016","2016","7021","Valeur annuel","USD","1754.6","A","Chiffre officiel"
"PP","Prix à la Production","756","Suisse","5532","Prix à la Production (USD/tonne)","01290.90","Autres légumes frais n.a.c.","2017","2017","7021","Valeur annuel","USD","1636","A","Chiffre officiel"
"PP","Prix à la Production","756","Suisse","5532","Prix à la Production (USD/tonne)","01290.90","Autres légumes frais n.a.c.","2018","2018","7021","Valeur annuel","USD","1677.1","A","Chiffre officiel"
"PP","Prix à la Production","756","Suisse","5532","Prix à la Production (USD/tonne)","01290.90","Autres légumes frais n.a.c.","2019","2019","7021","Valeur annuel","USD","1784.2","A","Chiffre officiel"
"PP","Prix à la Production","756","Suisse","5532","Prix à la Production (USD/tonne)","01290.90","Autres légumes frais n.a.c.","2020","2020","7021","Valeur annuel","USD","2079.9","A","Chiffre officiel"
"PP","Prix à la Production","756","Suisse","5532","Prix à la Production (USD/tonne)","0117","Avoine","2015","2015","7021","Valeur annuel","USD","278.5","A","Chiffre officiel"
"PP","Prix à la Production","756","Suisse","5532","Prix à la Production (USD/tonne)","0117","Avoine","2016","2016","7021","Valeur annuel","USD","265.9","A","Chiffre officiel"
"PP","Prix à la Production","756","Suisse","5532","Prix à la Production (USD/tonne)","0117","Avoine","2017","2017","7021","Valeur annuel","USD","280.3","A","Chiffre officiel"
"PP","Prix à la Production","756","Suisse","5532","Prix à la Production (USD/tonne)","0117","Avoine","2018","2018","7021","Valeur annuel","USD","288.4","A","Chiffre officiel"
"PP","Prix à la Production","756","Suisse","5532","Prix à la Production (USD/tonne)","0117","Avoine","2019","2019","7021","Valeur annuel","USD","282.8","A","Chiffre officiel"
"PP","Prix à la Production","756","Suisse","5532","Prix à la Production (USD/tonne)","0117","Avoine","2020","2020","7021","Valeur annuel","USD","300.3","A","Chiffre officiel"
"PP","Prix à la Production","756","Suisse","5532","Prix à la Production (USD/tonne)","0117","Avoine","2021","2021","7021","Valeur annuel","USD","309.7","A","Chiffre officiel"
"PP","Prix à la Production","756","Suisse","5532","Prix à la Production (USD/tonne)","0111","Blé","2015","2015","7021","Valeur annuel","USD","482.1","A","Chiffre officiel"
"PP","Prix à la Production","756","Suisse","5532","Prix à la Production (USD/tonne)","0111","Blé","2016","2016","7021","Valeur annuel","USD","491.2","A","Chiffre officiel"
"PP","Prix à la Production","756","Suisse","5532","Prix à la Production (USD/tonne)","0111","Blé","2017","2017","7021","Valeur annuel","USD","463.1","A","Chiffre officiel"
"PP","Prix à la Production","756","Suisse","5532","Prix à la Production (USD/tonne)","0111","Blé","2018","2018","7021","Valeur annuel","USD","462.2","A","Chiffre officiel"
"PP","Prix à la Production","756","Suisse","5532","Prix à la Production (USD/tonne)","0111","Blé","2019","2019","7021","Valeur annuel","USD","464.9","A","Chiffre officiel"
"PP","Prix à la Production","756","Suisse","5532","Prix à la Production (USD/tonne)","0111","Blé","2020","2020","7021","Valeur annuel","USD","484.6","A","Chiffre officiel"
"PP","Prix à la Production","756","Suisse","5532","Prix à la Production (USD/tonne)","0111","Blé","2021","2021","7021","Valeur annuel","USD","489.1","A","Chiffre officiel"
"PP","Prix à la Production","756","Suisse","5532","Prix à la Production (USD/tonne)","01229","Cantaloup et autres melons","2015","2015","7021","Valeur annuel","USD","3301.2","A","Chiffre officiel"
"PP","Prix à la Production","756","Suisse","5532","Prix à la Production (USD/tonne)","01229","Cantaloup et autres melons","2016","2016","7021","Valeur annuel","USD","3097.2","A","Chiffre officiel"
"PP","Prix à la Production","756","Suisse","5532","Prix à la Production (USD/tonne)","01229","Cantaloup et autres melons","2017","2017","7021","Valeur annuel","USD","3341.1","A","Chiffre officiel"
"PP","Prix à la Production","756","Suisse","5532","Prix à la Production (USD/tonne)","01229","Cantaloup et autres melons","2018","2018","7021","Valeur annuel","USD","3540.3","A","Chiffre officiel"
"PP","Prix à la Production","756","Suisse","5532","Prix à la Production (USD/tonne)","01229","Cantaloup et autres melons","2019","2019","7021","Valeur annuel","USD","3444.7","A","Chiffre officiel"
"PP","Prix à la Production","756","Suisse","5532","Prix à la Production (USD/tonne)","01229","Cantaloup et autres melons","2020","2020","7021","Valeur annuel","USD","3430.4","A","Chiffre officiel"
"PP","Prix à la Production","756","Suisse","5532","Prix à la Production (USD/tonne)","01251","Carottes et navets","2015","2015","7021","Valeur annuel","USD","677.5","A","Chiffre officiel"
"PP","Prix à la Production","756","Suisse","5532","Prix à la Production (USD/tonne)","01251","Carottes et navets","2016","2016","7021","Valeur annuel","USD","748.9","A","Chiffre officiel"
"PP","Prix à la Production","756","Suisse","5532","Prix à la Production (USD/tonne)","01251","Carottes et navets","2017","2017","7021","Valeur annuel","USD","581.9","A","Chiffre officiel"
"PP","Prix à la Production","756","Suisse","5532","Prix à la Production (USD/tonne)","01251","Carottes et navets","2018","2018","7021","Valeur annuel","USD","711.7","A","Chiffre officiel"
"PP","Prix à la Production","756","Suisse","5532","Prix à la Production (USD/tonne)","01251","Carottes et navets","2019","2019","7021","Valeur annuel","USD","656.1","A","Chiffre officiel"
"PP","Prix à la Production","756","Suisse","5532","Prix à la Production (USD/tonne)","01251","Carottes et navets","2020","2020","7021","Valeur annuel","USD","737","A","Chiffre officiel"
"PP","Prix à la Production","756","Suisse","5532","Prix à la Production (USD/tonne)","01351.01","Cassis et groseilles","2015","2015","7021","Valeur annuel","USD","4964.8","A","Chiffre officiel"
"PP","Prix à la Production","756","Suisse","5532","Prix à la Production (USD/tonne)","01351.01","Cassis et groseilles","2016","2016","7021","Valeur annuel","USD","4804.2","A","Chiffre officiel"
"PP","Prix à la Production","756","Suisse","5532","Prix à la Production (USD/tonne)","01351.01","Cassis et groseilles","2017","2017","7021","Valeur annuel","USD","4828.9","A","Chiffre officiel"
"PP","Prix à la Production","756","Suisse","5532","Prix à la Production (USD/tonne)","01351.01","Cassis et groseilles","2018","2018","7021","Valeur annuel","USD","4904.4","A","Chiffre officiel"
"PP","Prix à la Production","756","Suisse","5532","Prix à la Production (USD/tonne)","01351.01","Cassis et groseilles","2019","2019","7021","Valeur annuel","USD","4749.9","A","Chiffre officiel"
"PP","Prix à la Production","756","Suisse","5532","Prix à la Production (USD/tonne)","01351.01","Cassis et groseilles","2020","2020","7021","Valeur annuel","USD","5026.8","A","Chiffre officiel"
"PP","Prix à la Production","756","Suisse","5532","Prix à la Production (USD/tonne)","01351.01","Cassis et groseilles","2021","2021","7021","Valeur annuel","USD","5157.3","A","Chiffre officiel"
"PP","Prix à la Production","756","Suisse","5532","Prix à la Production (USD/tonne)","01199.02","Céréales mélangées","2018","2018","7021","Valeur annuel","USD","303.7","A","Chiffre officiel"
"PP","Prix à la Production","756","Suisse","5532","Prix à la Production (USD/tonne)","01199.02","Céréales mélangées","2019","2019","7021","Valeur annuel","USD","294.9","A","Chiffre officiel"
"PP","Prix à la Production","756","Suisse","5532","Prix à la Production (USD/tonne)","01199.02","Céréales mélangées","2020","2020","7021","Valeur annuel","USD","313.1","A","Chiffre officiel"
"PP","Prix à la Production","756","Suisse","5532","Prix à la Production (USD/tonne)","01199.02","Céréales mélangées","2021","2021","7021","Valeur annuel","USD","323.9","A","Chiffre officiel"
"PP","Prix à la Production","756","Suisse","5532","Prix à la Production (USD/tonne)","01344.02","Cerises","2015","2015","7021","Valeur annuel","USD","3516.3","A","Chiffre officiel"
"PP","Prix à la Production","756","Suisse","5532","Prix à la Production (USD/tonne)","01344.02","Cerises","2016","2016","7021","Valeur annuel","USD","3950.7","A","Chiffre officiel"
"PP","Prix à la Production","756","Suisse","5532","Prix à la Production (USD/tonne)","01344.02","Cerises","2017","2017","7021","Valeur annuel","USD","4063.2","A","Chiffre officiel"
"PP","Prix à la Production","756","Suisse","5532","Prix à la Production (USD/tonne)","01344.02","Cerises","2018","2018","7021","Valeur annuel","USD","3037.1","A","Chiffre officiel"
"PP","Prix à la Production","756","Suisse","5532","Prix à la Production (USD/tonne)","01344.02","Cerises","2019","2019","7021","Valeur annuel","USD","3292.7","A","Chiffre officiel"
"PP","Prix à la Production","756","Suisse","5532","Prix à la Production (USD/tonne)","01344.02","Cerises","2020","2020","7021","Valeur annuel","USD","3716.9","A","Chiffre officiel"
"PP","Prix à la Production","756","Suisse","5532","Prix à la Production (USD/tonne)","01344.02","Cerises","2021","2021","7021","Valeur annuel","USD","4925.3","A","Chiffre officiel"
"PP","Prix à la Production","756","Suisse","5532","Prix à la Production (USD/tonne)","01212","Choux","2015","2015","7021","Valeur annuel","USD","1478.6","A","Chiffre officiel"
"PP","Prix à la Production","756","Suisse","5532","Prix à la Production (USD/tonne)","01212","Choux","2016","2016","7021","Valeur annuel","USD","1485.7","A","Chiffre officiel"
"PP","Prix à la Production","756","Suisse","5532","Prix à la Production (USD/tonne)","01212","Choux","2017","2017","7021","Valeur annuel","USD","1363.9","A","Chiffre officiel"
"PP","Prix à la Production","756","Suisse","5532","Prix à la Production (USD/tonne)","01212","Choux","2018","2018","7021","Valeur annuel","USD","1500.2","A","Chiffre officiel"
"PP","Prix à la Production","756","Suisse","5532","Prix à la Production (USD/tonne)","01212","Choux","2019","2019","7021","Valeur annuel","USD","1574.9","A","Chiffre officiel"
"PP","Prix à la Production","756","Suisse","5532","Prix à la Production (USD/tonne)","01212","Choux","2020","2020","7021","Valeur annuel","USD","1721","A","Chiffre officiel"
"PP","Prix à la Production","756","Suisse","5532","Prix à la Production (USD/tonne)","01213","Choux-fleurs et brocolis","2015","2015","7021","Valeur annuel","USD","2378.5","A","Chiffre officiel"
"PP","Prix à la Production","756","Suisse","5532","Prix à la Production (USD/tonne)","01213","Choux-fleurs et brocolis","2016","2016","7021","Valeur annuel","USD","2268.1","A","Chiffre officiel"
"PP","Prix à la Production","756","Suisse","5532","Prix à la Production (USD/tonne)","01213","Choux-fleurs et brocolis","2017","2017","7021","Valeur annuel","USD","2193.6","A","Chiffre officiel"
"PP","Prix à la Production","756","Suisse","5532","Prix à la Production (USD/tonne)","01213","Choux-fleurs et brocolis","2018","2018","7021","Valeur annuel","USD","2186.3","A","Chiffre officiel"
"PP","Prix à la Production","756","Suisse","5532","Prix à la Production (USD/tonne)","01213","Choux-fleurs et brocolis","2019","2019","7021","Valeur annuel","USD","2366.9","A","Chiffre officiel"
"PP","Prix à la Production","756","Suisse","5532","Prix à la Production (USD/tonne)","01213","Choux-fleurs et brocolis","2020","2020","7021","Valeur annuel","USD","2622","A","Chiffre officiel"
"PP","Prix à la Production","756","Suisse","5532","Prix à la Production (USD/tonne)","01235","Citrouilles, courges et potirons","2015","2015","7021","Valeur annuel","USD","1531.6","A","Chiffre officiel"
"PP","Prix à la Production","756","Suisse","5532","Prix à la Production (USD/tonne)","01235","Citrouilles, courges et potirons","2016","2016","7021","Valeur annuel","USD","1577","A","Chiffre officiel"
"PP","Prix à la Production","756","Suisse","5532","Prix à la Production (USD/tonne)","01235","Citrouilles, courges et potirons","2017","2017","7021","Valeur annuel","USD","1465.4","A","Chiffre officiel"
"PP","Prix à la Production","756","Suisse","5532","Prix à la Production (USD/tonne)","01235","Citrouilles, courges et potirons","2018","2018","7021","Valeur annuel","USD","1462.3","A","Chiffre officiel"
"PP","Prix à la Production","756","Suisse","5532","Prix à la Production (USD/tonne)","01235","Citrouilles, courges et potirons","2019","2019","7021","Valeur annuel","USD","1510.5","A","Chiffre officiel"
"PP","Prix à la Production","756","Suisse","5532","Prix à la Production (USD/tonne)","01235","Citrouilles, courges et potirons","2020","2020","7021","Valeur annuel","USD","1816.9","A","Chiffre officiel"
"PP","Prix à la Production","756","Suisse","5532","Prix à la Production (USD/tonne)","01342.02","Coings","2015","2015","7021","Valeur annuel","USD","1380.9","A","Chiffre officiel"
"PP","Prix à la Production","756","Suisse","5532","Prix à la Production (USD/tonne)","01342.02","Coings","2016","2016","7021","Valeur annuel","USD","1411.6","A","Chiffre officiel"
"PP","Prix à la Production","756","Suisse","5532","Prix à la Production (USD/tonne)","01342.02","Coings","2017","2017","7021","Valeur annuel","USD","1347.6","A","Chiffre officiel"
"PP","Prix à la Production","756","Suisse","5532","Prix à la Production (USD/tonne)","01342.02","Coings","2018","2018","7021","Valeur annuel","USD","1214.9","A","Chiffre officiel"
"PP","Prix à la Production","756","Suisse","5532","Prix à la Production (USD/tonne)","01342.02","Coings","2019","2019","7021","Valeur annuel","USD","1205.6","A","Chiffre officiel"
"PP","Prix à la Production","756","Suisse","5532","Prix à la Production (USD/tonne)","01342.02","Coings","2020","2020","7021","Valeur annuel","USD","1292.9","A","Chiffre officiel"
"PP","Prix à la Production","756","Suisse","5532","Prix à la Production (USD/tonne)","01342.02","Coings","2021","2021","7021","Valeur annuel","USD","1423.7","A","Chiffre officiel"
"PP","Prix à la Production","756","Suisse","5532","Prix à la Production (USD/tonne)","01232","Concombres, cornichons","2015","2015","7021","Valeur annuel","USD","1713.5","A","Chiffre officiel"
"PP","Prix à la Production","756","Suisse","5532","Prix à la Production (USD/tonne)","01232","Concombres, cornichons","2016","2016","7021","Valeur annuel","USD","1575","A","Chiffre officiel"
"PP","Prix à la Production","756","Suisse","5532","Prix à la Production (USD/tonne)","01232","Concombres, cornichons","2017","2017","7021","Valeur annuel","USD","1635","A","Chiffre officiel"
"PP","Prix à la Production","756","Suisse","5532","Prix à la Production (USD/tonne)","01232","Concombres, cornichons","2018","2018","7021","Valeur annuel","USD","1740.5","A","Chiffre officiel"
"PP","Prix à la Production","756","Suisse","5532","Prix à la Production (USD/tonne)","01232","Concombres, cornichons","2019","2019","7021","Valeur annuel","USD","1955.3","A","Chiffre officiel"
"PP","Prix à la Production","756","Suisse","5532","Prix à la Production (USD/tonne)","01232","Concombres, cornichons","2020","2020","7021","Valeur annuel","USD","2044.8","A","Chiffre officiel"
"PP","Prix à la Production","756","Suisse","5532","Prix à la Production (USD/tonne)","01215","Epinards","2015","2015","7021","Valeur annuel","USD","1212.6","A","Chiffre officiel"
"PP","Prix à la Production","756","Suisse","5532","Prix à la Production (USD/tonne)","01215","Epinards","2016","2016","7021","Valeur annuel","USD","1087.9","A","Chiffre officiel"
"PP","Prix à la Production","756","Suisse","5532","Prix à la Production (USD/tonne)","01215","Epinards","2017","2017","7021","Valeur annuel","USD","1124.2","A","Chiffre officiel"
"PP","Prix à la Production","756","Suisse","5532","Prix à la Production (USD/tonne)","01215","Epinards","2018","2018","7021","Valeur annuel","USD","1253.7","A","Chiffre officiel"
"PP","Prix à la Production","756","Suisse","5532","Prix à la Production (USD/tonne)","01215","Epinards","2019","2019","7021","Valeur annuel","USD","1152.2","A","Chiffre officiel"
"PP","Prix à la Production","756","Suisse","5532","Prix à la Production (USD/tonne)","01215","Epinards","2020","2020","7021","Valeur annuel","USD","1295","A","Chiffre officiel"
"PP","Prix à la Production","756","Suisse","5532","Prix à la Production (USD/tonne)","01702","Fèves et féveroles, sèches","2018","2018","7021","Valeur annuel","USD","529.7","A","Chiffre officiel"
"PP","Prix à la Production","756","Suisse","5532","Prix à la Production (USD/tonne)","01702","Fèves et féveroles, sèches","2019","2019","7021","Valeur annuel","USD","522.3","A","Chiffre officiel"
"PP","Prix à la Production","756","Suisse","5532","Prix à la Production (USD/tonne)","01702","Fèves et féveroles, sèches","2020","2020","7021","Valeur annuel","USD","552.7","A","Chiffre officiel"
"PP","Prix à la Production","756","Suisse","5532","Prix à la Production (USD/tonne)","01702","Fèves et féveroles, sèches","2021","2021","7021","Valeur annuel","USD","578.9","A","Chiffre officiel"
"PP","Prix à la Production","756","Suisse","5532","Prix à la Production (USD/tonne)","01243","Fèves et féveroles, vertes","2015","2015","7021","Valeur annuel","USD","5871.9","A","Chiffre officiel"
"PP","Prix à la Production","756","Suisse","5532","Prix à la Production (USD/tonne)","01243","Fèves et féveroles, vertes","2016","2016","7021","Valeur annuel","USD","5775.4","A","Chiffre officiel"
"PP","Prix à la Production","756","Suisse","5532","Prix à la Production (USD/tonne)","01243","Fèves et féveroles, vertes","2017","2017","7021","Valeur annuel","USD","5912.5","A","Chiffre officiel"
"PP","Prix à la Production","756","Suisse","5532","Prix à la Production (USD/tonne)","01243","Fèves et féveroles, vertes","2018","2018","7021","Valeur annuel","USD","5666.3","A","Chiffre officiel"
"PP","Prix à la Production","756","Suisse","5532","Prix à la Production (USD/tonne)","01243","Fèves et féveroles, vertes","2019","2019","7021","Valeur annuel","USD","5531.8","A","Chiffre officiel"
"PP","Prix à la Production","756","Suisse","5532","Prix à la Production (USD/tonne)","01243","Fèves et féveroles, vertes","2020","2020","7021","Valeur annuel","USD","5773.4","A","Chiffre officiel"
"PP","Prix à la Production","756","Suisse","5532","Prix à la Production (USD/tonne)","01354","Fraises","2015","2015","7021","Valeur annuel","USD","6388.3","A","Chiffre officiel"
"PP","Prix à la Production","756","Suisse","5532","Prix à la Production (USD/tonne)","01354","Fraises","2016","2016","7021","Valeur annuel","USD","6461.4","A","Chiffre officiel"
"PP","Prix à la Production","756","Suisse","5532","Prix à la Production (USD/tonne)","01354","Fraises","2017","2017","7021","Valeur annuel","USD","6560.4","A","Chiffre officiel"
"PP","Prix à la Production","756","Suisse","5532","Prix à la Production (USD/tonne)","01354","Fraises","2018","2018","7021","Valeur annuel","USD","6458.8","A","Chiffre officiel"
"PP","Prix à la Production","756","Suisse","5532","Prix à la Production (USD/tonne)","01354","Fraises","2019","2019","7021","Valeur annuel","USD","6143.6","A","Chiffre officiel"
"PP","Prix à la Production","756","Suisse","5532","Prix à la Production (USD/tonne)","01354","Fraises","2020","2020","7021","Valeur annuel","USD","6571.1","A","Chiffre officiel"
"PP","Prix à la Production","756","Suisse","5532","Prix à la Production (USD/tonne)","01354","Fraises","2021","2021","7021","Valeur annuel","USD","7190.5","A","Chiffre officiel"
"PP","Prix à la Production","756","Suisse","5532","Prix à la Production (USD/tonne)","01353.01","Framboises","2015","2015","7021","Valeur annuel","USD","12243.6","A","Chiffre officiel"
"PP","Prix à la Production","756","Suisse","5532","Prix à la Production (USD/tonne)","01353.01","Framboises","2016","2016","7021","Valeur annuel","USD","12130.2","A","Chiffre officiel"
"PP","Prix à la Production","756","Suisse","5532","Prix à la Production (USD/tonne)","01353.01","Framboises","2017","2017","7021","Valeur annuel","USD","12056.6","A","Chiffre officiel"
"PP","Prix à la Production","756","Suisse","5532","Prix à la Production (USD/tonne)","01353.01","Framboises","2018","2018","7021","Valeur annuel","USD","12206.9","A","Chiffre officiel"
"PP","Prix à la Production","756","Suisse","5532","Prix à la Production (USD/tonne)","01353.01","Framboises","2019","2019","7021","Valeur annuel","USD","11941.1","A","Chiffre officiel"
"PP","Prix à la Production","756","Suisse","5532","Prix à la Production (USD/tonne)","01353.01","Framboises","2020","2020","7021","Valeur annuel","USD","12173","A","Chiffre officiel"
"PP","Prix à la Production","756","Suisse","5532","Prix à la Production (USD/tonne)","01353.01","Framboises","2021","2021","7021","Valeur annuel","USD","11194.4","A","Chiffre officiel"
"PP","Prix à la Production","756","Suisse","5532","Prix à la Production (USD/tonne)","01443","Graines de navette ou de colza","2015","2015","7021","Valeur annuel","USD","760.6","A","Chiffre officiel"
"PP","Prix à la Production","756","Suisse","5532","Prix à la Production (USD/tonne)","01443","Graines de navette ou de colza","2016","2016","7021","Valeur annuel","USD","767.2","A","Chiffre officiel"
"PP","Prix à la Production","756","Suisse","5532","Prix à la Production (USD/tonne)","01443","Graines de navette ou de colza","2017","2017","7021","Valeur annuel","USD","763.7","A","Chiffre officiel"
"PP","Prix à la Production","756","Suisse","5532","Prix à la Production (USD/tonne)","01443","Graines de navette ou de colza","2018","2018","7021","Valeur annuel","USD","771","A","Chiffre officiel"
"PP","Prix à la Production","756","Suisse","5532","Prix à la Production (USD/tonne)","01443","Graines de navette ou de colza","2019","2019","7021","Valeur annuel","USD","770.8","A","Chiffre officiel"
"PP","Prix à la Production","756","Suisse","5532","Prix à la Production (USD/tonne)","01443","Graines de navette ou de colza","2020","2020","7021","Valeur annuel","USD","826.4","A","Chiffre officiel"
"PP","Prix à la Production","756","Suisse","5532","Prix à la Production (USD/tonne)","01443","Graines de navette ou de colza","2021","2021","7021","Valeur annuel","USD","1012.2","A","Chiffre officiel"
"PP","Prix à la Production","756","Suisse","5532","Prix à la Production (USD/tonne)","01445","Graines de tournesol","2015","2015","7021","Valeur annuel","USD","794.9","A","Chiffre officiel"
"PP","Prix à la Production","756","Suisse","5532","Prix à la Production (USD/tonne)","01445","Graines de tournesol","2016","2016","7021","Valeur annuel","USD","767.2","A","Chiffre officiel"
"PP","Prix à la Production","756","Suisse","5532","Prix à la Production (USD/tonne)","01445","Graines de tournesol","2017","2017","7021","Valeur annuel","USD","737.3","A","Chiffre officiel"
"PP","Prix à la Production","756","Suisse","5532","Prix à la Production (USD/tonne)","01445","Graines de tournesol","2018","2018","7021","Valeur annuel","USD","770","A","Chiffre officiel"
"PP","Prix à la Production","756","Suisse","5532","Prix à la Production (USD/tonne)","01445","Graines de tournesol","2019","2019","7021","Valeur annuel","USD","763.8","A","Chiffre officiel"
"PP","Prix à la Production","756","Suisse","5532","Prix à la Production (USD/tonne)","01445","Graines de tournesol","2020","2020","7021","Valeur annuel","USD","798.8","A","Chiffre officiel"
"PP","Prix à la Production","756","Suisse","5532","Prix à la Production (USD/tonne)","01445","Graines de tournesol","2021","2021","7021","Valeur annuel","USD","929","A","Chiffre officiel"
"PP","Prix à la Production","756","Suisse","5532","Prix à la Production (USD/tonne)","01351.02","Groseilles à maquereaux","2015","2015","7021","Valeur annuel","USD","4964.8","A","Chiffre officiel"
"PP","Prix à la Production","756","Suisse","5532","Prix à la Production (USD/tonne)","01351.02","Groseilles à maquereaux","2016","2016","7021","Valeur annuel","USD","4804.2","A","Chiffre officiel"
"PP","Prix à la Production","756","Suisse","5532","Prix à la Production (USD/tonne)","01351.02","Groseilles à maquereaux","2017","2017","7021","Valeur annuel","USD","4828.9","A","Chiffre officiel"
"PP","Prix à la Production","756","Suisse","5532","Prix à la Production (USD/tonne)","01351.02","Groseilles à maquereaux","2018","2018","7021","Valeur annuel","USD","4904.4","A","Chiffre officiel"
"PP","Prix à la Production","756","Suisse","5532","Prix à la Production (USD/tonne)","01351.02","Groseilles à maquereaux","2019","2019","7021","Valeur annuel","USD","4749.9","A","Chiffre officiel"
"PP","Prix à la Production","756","Suisse","5532","Prix à la Production (USD/tonne)","01351.02","Groseilles à maquereaux","2020","2020","7021","Valeur annuel","USD","5027.9","A","Chiffre officiel"
"PP","Prix à la Production","756","Suisse","5532","Prix à la Production (USD/tonne)","01351.02","Groseilles à maquereaux","2021","2021","7021","Valeur annuel","USD","5157.3","A","Chiffre officiel"
"PP","Prix à la Production","756","Suisse","5532","Prix à la Production (USD/tonne)","01659","Houblon en cônes","2015","2015","7021","Valeur annuel","USD","8718","A","Chiffre officiel"
"PP","Prix à la Production","756","Suisse","5532","Prix à la Production (USD/tonne)","01659","Houblon en cônes","2016","2016","7021","Valeur annuel","USD","8514.4","A","Chiffre officiel"
"PP","Prix à la Production","756","Suisse","5532","Prix à la Production (USD/tonne)","01659","Houblon en cônes","2017","2017","7021","Valeur annuel","USD","8520.4","A","Chiffre officiel"
"PP","Prix à la Production","756","Suisse","5532","Prix à la Production (USD/tonne)","01659","Houblon en cônes","2018","2018","7021","Valeur annuel","USD","8579.7","A","Chiffre officiel"
"PP","Prix à la Production","756","Suisse","5532","Prix à la Production (USD/tonne)","01659","Houblon en cônes","2019","2019","7021","Valeur annuel","USD","8443.1","A","Chiffre officiel"
"PP","Prix à la Production","756","Suisse","5532","Prix à la Production (USD/tonne)","01659","Houblon en cônes","2020","2020","7021","Valeur annuel","USD","8935.4","A","Chiffre officiel"
"PP","Prix à la Production","756","Suisse","5532","Prix à la Production (USD/tonne)","01659","Houblon en cônes","2021","2021","7021","Valeur annuel","USD","9181","A","Chiffre officiel"
"PP","Prix à la Production","756","Suisse","5532","Prix à la Production (USD/tonne)","01352","Kiwis","2015","2015","7021","Valeur annuel","USD","1766.5","A","Chiffre officiel"
"PP","Prix à la Production","756","Suisse","5532","Prix à la Production (USD/tonne)","01352","Kiwis","2016","2016","7021","Valeur annuel","USD","1725.2","A","Chiffre officiel"
"PP","Prix à la Production","756","Suisse","5532","Prix à la Production (USD/tonne)","01352","Kiwis","2017","2017","7021","Valeur annuel","USD","1726.4","A","Chiffre officiel"
"PP","Prix à la Production","756","Suisse","5532","Prix à la Production (USD/tonne)","01352","Kiwis","2018","2018","7021","Valeur annuel","USD","1738.4","A","Chiffre officiel"
"PP","Prix à la Production","756","Suisse","5532","Prix à la Production (USD/tonne)","01352","Kiwis","2019","2019","7021","Valeur annuel","USD","1710.8","A","Chiffre officiel"
"PP","Prix à la Production","756","Suisse","5532","Prix à la Production (USD/tonne)","01352","Kiwis","2020","2020","7021","Valeur annuel","USD","2130","A","Chiffre officiel"
"PP","Prix à la Production","756","Suisse","5532","Prix à la Production (USD/tonne)","01352","Kiwis","2021","2021","7021","Valeur annuel","USD","2188.6","A","Chiffre officiel"
"PP","Prix à la Production","756","Suisse","5532","Prix à la Production (USD/tonne)","02941","Laines de tonte, en suint, y compris les laines lavées à dos","2015","2015","7021","Valeur annuel","USD","779.3","A","Chiffre officiel"
"PP","Prix à la Production","756","Suisse","5532","Prix à la Production (USD/tonne)","02941","Laines de tonte, en suint, y compris les laines lavées à dos","2016","2016","7021","Valeur annuel","USD","717.5","A","Chiffre officiel"
"PP","Prix à la Production","756","Suisse","5532","Prix à la Production (USD/tonne)","02941","Laines de tonte, en suint, y compris les laines lavées à dos","2017","2017","7021","Valeur annuel","USD","727.1","A","Chiffre officiel"
"PP","Prix à la Production","756","Suisse","5532","Prix à la Production (USD/tonne)","02941","Laines de tonte, en suint, y compris les laines lavées à dos","2018","2018","7021","Valeur annuel","USD","789.5","A","Chiffre officiel"
"PP","Prix à la Production","756","Suisse","5532","Prix à la Production (USD/tonne)","02941","Laines de tonte, en suint, y compris les laines lavées à dos","2019","2019","7021","Valeur annuel","USD","775.9","A","Chiffre officiel"
"PP","Prix à la Production","756","Suisse","5532","Prix à la Production (USD/tonne)","02941","Laines de tonte, en suint, y compris les laines lavées à dos","2020","2020","7021","Valeur annuel","USD","827.5","A","Chiffre officiel"
"PP","Prix à la Production","756","Suisse","5532","Prix à la Production (USD/tonne)","02941","Laines de tonte, en suint, y compris les laines lavées à dos","2021","2021","7021","Valeur annuel","USD","809.8","A","Chiffre officiel"
"PP","Prix à la Production","756","Suisse","5532","Prix à la Production (USD/tonne)","02292","Lait cru de chèvre","2015","2015","7021","Valeur annuel","USD","627.6","A","Chiffre officiel"
"PP","Prix à la Production","756","Suisse","5532","Prix à la Production (USD/tonne)","02292","Lait cru de chèvre","2016","2016","7021","Valeur annuel","USD","600.8","A","Chiffre officiel"
"PP","Prix à la Production","756","Suisse","5532","Prix à la Production (USD/tonne)","02292","Lait cru de chèvre","2017","2017","7021","Valeur annuel","USD","617.5","A","Chiffre officiel"
"PP","Prix à la Production","756","Suisse","5532","Prix à la Production (USD/tonne)","02292","Lait cru de chèvre","2018","2018","7021","Valeur annuel","USD","561.4","A","Chiffre officiel"
"PP","Prix à la Production","756","Suisse","5532","Prix à la Production (USD/tonne)","02292","Lait cru de chèvre","2019","2019","7021","Valeur annuel","USD","549.5","A","Chiffre officiel"
"PP","Prix à la Production","756","Suisse","5532","Prix à la Production (USD/tonne)","02292","Lait cru de chèvre","2020","2020","7021","Valeur annuel","USD","598.5","A","Chiffre officiel"
"PP","Prix à la Production","756","Suisse","5532","Prix à la Production (USD/tonne)","02292","Lait cru de chèvre","2021","2021","7021","Valeur annuel","USD","651.1","A","Chiffre officiel"
"PP","Prix à la Production","756","Suisse","5532","Prix à la Production (USD/tonne)","02211","Lait cru de vache","2015","2015","7021","Valeur annuel","USD","627.6","A","Chiffre officiel"
"PP","Prix à la Production","756","Suisse","5532","Prix à la Production (USD/tonne)","02211","Lait cru de vache","2016","2016","7021","Valeur annuel","USD","600.8","A","Chiffre officiel"
"PP","Prix à la Production","756","Suisse","5532","Prix à la Production (USD/tonne)","02211","Lait cru de vache","2017","2017","7021","Valeur annuel","USD","617.5","A","Chiffre officiel"
"PP","Prix à la Production","756","Suisse","5532","Prix à la Production (USD/tonne)","02211","Lait cru de vache","2018","2018","7021","Valeur annuel","USD","561.4","A","Chiffre officiel"
"PP","Prix à la Production","756","Suisse","5532","Prix à la Production (USD/tonne)","02211","Lait cru de vache","2019","2019","7021","Valeur annuel","USD","549.5","A","Chiffre officiel"
"PP","Prix à la Production","756","Suisse","5532","Prix à la Production (USD/tonne)","02211","Lait cru de vache","2020","2020","7021","Valeur annuel","USD","598.5","A","Chiffre officiel"
"PP","Prix à la Production","756","Suisse","5532","Prix à la Production (USD/tonne)","02211","Lait cru de vache","2021","2021","7021","Valeur annuel","USD","651.1","A","Chiffre officiel"
"PP","Prix à la Production","756","Suisse","5532","Prix à la Production (USD/tonne)","01214","Laitue et chicorée","2015","2015","7021","Valeur annuel","USD","2775.4","A","Chiffre officiel"
"PP","Prix à la Production","756","Suisse","5532","Prix à la Production (USD/tonne)","01214","Laitue et chicorée","2016","2016","7021","Valeur annuel","USD","2929.8","A","Chiffre officiel"
"PP","Prix à la Production","756","Suisse","5532","Prix à la Production (USD/tonne)","01214","Laitue et chicorée","2017","2017","7021","Valeur annuel","USD","2595.7","A","Chiffre officiel"
"PP","Prix à la Production","756","Suisse","5532","Prix à la Production (USD/tonne)","01214","Laitue et chicorée","2018","2018","7021","Valeur annuel","USD","2878.6","A","Chiffre officiel"
"PP","Prix à la Production","756","Suisse","5532","Prix à la Production (USD/tonne)","01214","Laitue et chicorée","2019","2019","7021","Valeur annuel","USD","2984.8","A","Chiffre officiel"
"PP","Prix à la Production","756","Suisse","5532","Prix à la Production (USD/tonne)","01214","Laitue et chicorée","2020","2020","7021","Valeur annuel","USD","3018.2","A","Chiffre officiel"
"PP","Prix à la Production","756","Suisse","5532","Prix à la Production (USD/tonne)","01709.02","Lupins","2015","2015","7021","Valeur annuel","USD","401.1","A","Chiffre officiel"
"PP","Prix à la Production","756","Suisse","5532","Prix à la Production (USD/tonne)","01709.02","Lupins","2016","2016","7021","Valeur annuel","USD","380.6","A","Chiffre officiel"
"PP","Prix à la Production","756","Suisse","5532","Prix à la Production (USD/tonne)","01709.02","Lupins","2017","2017","7021","Valeur annuel","USD","370.7","A","Chiffre officiel"
"PP","Prix à la Production","756","Suisse","5532","Prix à la Production (USD/tonne)","01709.02","Lupins","2018","2018","7021","Valeur annuel","USD","524.6","A","Chiffre officiel"
"PP","Prix à la Production","756","Suisse","5532","Prix à la Production (USD/tonne)","01709.02","Lupins","2019","2019","7021","Valeur annuel","USD","558.5","A","Chiffre officiel"
"PP","Prix à la Production","756","Suisse","5532","Prix à la Production (USD/tonne)","01709.02","Lupins","2020","2020","7021","Valeur annuel","USD","591.1","A","Chiffre officiel"
"PP","Prix à la Production","756","Suisse","5532","Prix à la Production (USD/tonne)","01709.02","Lupins","2021","2021","7021","Valeur annuel","USD","611.7","A","Chiffre officiel"
"PP","Prix à la Production","756","Suisse","5532","Prix à la Production (USD/tonne)","0112","Maïs","2015","2015","7021","Valeur annuel","USD","328.4","A","Chiffre officiel"
"PP","Prix à la Production","756","Suisse","5532","Prix à la Production (USD/tonne)","0112","Maïs","2016","2016","7021","Valeur annuel","USD","320.7","A","Chiffre officiel"
"PP","Prix à la Production","756","Suisse","5532","Prix à la Production (USD/tonne)","0112","Maïs","2017","2017","7021","Valeur annuel","USD","309.7","A","Chiffre officiel"
"PP","Prix à la Production","756","Suisse","5532","Prix à la Production (USD/tonne)","0112","Maïs","2018","2018","7021","Valeur annuel","USD","315","A","Chiffre officiel"
"PP","Prix à la Production","756","Suisse","5532","Prix à la Production (USD/tonne)","0112","Maïs","2019","2019","7021","Valeur annuel","USD","304.9","A","Chiffre officiel"
"PP","Prix à la Production","756","Suisse","5532","Prix à la Production (USD/tonne)","0112","Maïs","2020","2020","7021","Valeur annuel","USD","323.8","A","Chiffre officiel"
"PP","Prix à la Production","756","Suisse","5532","Prix à la Production (USD/tonne)","0112","Maïs","2021","2021","7021","Valeur annuel","USD","332.7","A","Chiffre officiel"
"PP","Prix à la Production","756","Suisse","5532","Prix à la Production (USD/tonne)","01290.01","Maïs «vert» (maïs)","2015","2015","7021","Valeur annuel","USD","2529.1","A","Chiffre officiel"
"PP","Prix à la Production","756","Suisse","5532","Prix à la Production (USD/tonne)","01290.01","Maïs «vert» (maïs)","2016","2016","7021","Valeur annuel","USD","2447.8","A","Chiffre officiel"
"PP","Prix à la Production","756","Suisse","5532","Prix à la Production (USD/tonne)","01290.01","Maïs «vert» (maïs)","2017","2017","7021","Valeur annuel","USD","2411.9","A","Chiffre officiel"
"PP","Prix à la Production","756","Suisse","5532","Prix à la Production (USD/tonne)","01290.01","Maïs «vert» (maïs)","2018","2018","7021","Valeur annuel","USD","2464.5","A","Chiffre officiel"
"PP","Prix à la Production","756","Suisse","5532","Prix à la Production (USD/tonne)","01290.01","Maïs «vert» (maïs)","2019","2019","7021","Valeur annuel","USD","2456.5","A","Chiffre officiel"
"PP","Prix à la Production","756","Suisse","5532","Prix à la Production (USD/tonne)","01290.01","Maïs «vert» (maïs)","2020","2020","7021","Valeur annuel","USD","2623.1","A","Chiffre officiel"
"PP","Prix à la Production","756","Suisse","5532","Prix à la Production (USD/tonne)","02910","Miel naturel","2015","2015","7021","Valeur annuel","USD","17993.9","A","Chiffre officiel"
"PP","Prix à la Production","756","Suisse","5532","Prix à la Production (USD/tonne)","02910","Miel naturel","2016","2016","7021","Valeur annuel","USD","17573.7","A","Chiffre officiel"
"PP","Prix à la Production","756","Suisse","5532","Prix à la Production (USD/tonne)","02910","Miel naturel","2017","2017","7021","Valeur annuel","USD","17388.2","A","Chiffre officiel"
"PP","Prix à la Production","756","Suisse","5532","Prix à la Production (USD/tonne)","02910","Miel naturel","2018","2018","7021","Valeur annuel","USD","18124.7","A","Chiffre officiel"
"PP","Prix à la Production","756","Suisse","5532","Prix à la Production (USD/tonne)","02910","Miel naturel","2019","2019","7021","Valeur annuel","USD","17832.2","A","Chiffre officiel"
"PP","Prix à la Production","756","Suisse","5532","Prix à la Production (USD/tonne)","02910","Miel naturel","2020","2020","7021","Valeur annuel","USD","18871.8","A","Chiffre officiel"
"PP","Prix à la Production","756","Suisse","5532","Prix à la Production (USD/tonne)","02910","Miel naturel","2021","2021","7021","Valeur annuel","USD","19390.6","A","Chiffre officiel"
"PP","Prix à la Production","756","Suisse","5532","Prix à la Production (USD/tonne)","0118","Mils","2018","2018","7021","Valeur annuel","USD","1528.8","A","Chiffre officiel"
"PP","Prix à la Production","756","Suisse","5532","Prix à la Production (USD/tonne)","0118","Mils","2019","2019","7021","Valeur annuel","USD","1504.5","A","Chiffre officiel"
"PP","Prix à la Production","756","Suisse","5532","Prix à la Production (USD/tonne)","0118","Mils","2020","2020","7021","Valeur annuel","USD","1485.7","A","Chiffre officiel"
"PP","Prix à la Production","756","Suisse","5532","Prix à la Production (USD/tonne)","0118","Mils","2021","2021","7021","Valeur annuel","USD","1526.5","A","Chiffre officiel"
"PP","Prix à la Production","756","Suisse","5532","Prix à la Production (USD/tonne)","01355.01","Myrtilles","2019","2019","7021","Valeur annuel","USD","11195.4","A","Chiffre officiel"
"PP","Prix à la Production","756","Suisse","5532","Prix à la Production (USD/tonne)","01355.01","Myrtilles","2020","2020","7021","Valeur annuel","USD","11848.2","A","Chiffre officiel"
"PP","Prix à la Production","756","Suisse","5532","Prix à la Production (USD/tonne)","01355.01","Myrtilles","2021","2021","7021","Valeur annuel","USD","12173.8","A","Chiffre officiel"
"PP","Prix à la Production","756","Suisse","5532","Prix à la Production (USD/tonne)","01376","Noix non décortiquées","2015","2015","7021","Valeur annuel","USD","3269","A","Chiffre officiel"
"PP","Prix à la Production","756","Suisse","5532","Prix à la Production (USD/tonne)","01376","Noix non décortiquées","2016","2016","7021","Valeur annuel","USD","3192.6","A","Chiffre officiel"
"PP","Prix à la Production","756","Suisse","5532","Prix à la Production (USD/tonne)","01376","Noix non décortiquées","2017","2017","7021","Valeur annuel","USD","3194.9","A","Chiffre officiel"
"PP","Prix à la Production","756","Suisse","5532","Prix à la Production (USD/tonne)","01376","Noix non décortiquées","2018","2018","7021","Valeur annuel","USD","3217.1","A","Chiffre officiel"
"PP","Prix à la Production","756","Suisse","5532","Prix à la Production (USD/tonne)","01376","Noix non décortiquées","2019","2019","7021","Valeur annuel","USD","3245.4","A","Chiffre officiel"
"PP","Prix à la Production","756","Suisse","5532","Prix à la Production (USD/tonne)","01376","Noix non décortiquées","2020","2020","7021","Valeur annuel","USD","3557.1","A","Chiffre officiel"
"PP","Prix à la Production","756","Suisse","5532","Prix à la Production (USD/tonne)","01376","Noix non décortiquées","2021","2021","7021","Valeur annuel","USD","3654.9","A","Chiffre officiel"
"PP","Prix à la Production","756","Suisse","5532","Prix à la Production (USD/tonne)","0231","Œufs de poule en coquille frais","2015","2015","7021","Valeur annuel","USD","5347.2","A","Chiffre officiel"
"PP","Prix à la Production","756","Suisse","5532","Prix à la Production (USD/tonne)","0231","Œufs de poule en coquille frais","2016","2016","7021","Valeur annuel","USD","5132","A","Chiffre officiel"
"PP","Prix à la Production","756","Suisse","5532","Prix à la Production (USD/tonne)","0231","Œufs de poule en coquille frais","2017","2017","7021","Valeur annuel","USD","5102.1","A","Chiffre officiel"
"PP","Prix à la Production","756","Suisse","5532","Prix à la Production (USD/tonne)","0231","Œufs de poule en coquille frais","2018","2018","7021","Valeur annuel","USD","5379.9","A","Chiffre officiel"
"PP","Prix à la Production","756","Suisse","5532","Prix à la Production (USD/tonne)","0231","Œufs de poule en coquille frais","2019","2019","7021","Valeur annuel","USD","5387.9","A","Chiffre officiel"
"PP","Prix à la Production","756","Suisse","5532","Prix à la Production (USD/tonne)","0231","Œufs de poule en coquille frais","2020","2020","7021","Valeur annuel","USD","5687.1","A","Chiffre officiel"
"PP","Prix à la Production","756","Suisse","5532","Prix à la Production (USD/tonne)","0231","Œufs de poule en coquille frais","2021","2021","7021","Valeur annuel","USD","5871.9","A","Chiffre officiel"
"PP","Prix à la Production","756","Suisse","5532","Prix à la Production (USD/tonne)","01253.02","Oignons et échalotes, séchés (à l’exclusion des formes déshydratées)","2015","2015","7021","Valeur annuel","USD","894.7","A","Chiffre officiel"
"PP","Prix à la Production","756","Suisse","5532","Prix à la Production (USD/tonne)","01253.02","Oignons et échalotes, séchés (à l’exclusion des formes déshydratées)","2016","2016","7021","Valeur annuel","USD","708.3","A","Chiffre officiel"
"PP","Prix à la Production","756","Suisse","5532","Prix à la Production (USD/tonne)","01253.02","Oignons et échalotes, séchés (à l’exclusion des formes déshydratées)","2017","2017","7021","Valeur annuel","USD","680.4","A","Chiffre officiel"
"PP","Prix à la Production","756","Suisse","5532","Prix à la Production (USD/tonne)","01253.02","Oignons et échalotes, séchés (à l’exclusion des formes déshydratées)","2018","2018","7021","Valeur annuel","USD","762.9","A","Chiffre officiel"
"PP","Prix à la Production","756","Suisse","5532","Prix à la Production (USD/tonne)","01253.02","Oignons et échalotes, séchés (à l’exclusion des formes déshydratées)","2019","2019","7021","Valeur annuel","USD","789","A","Chiffre officiel"
"PP","Prix à la Production","756","Suisse","5532","Prix à la Production (USD/tonne)","01253.02","Oignons et échalotes, séchés (à l’exclusion des formes déshydratées)","2020","2020","7021","Valeur annuel","USD","882.9","A","Chiffre officiel"
"PP","Prix à la Production","756","Suisse","5532","Prix à la Production (USD/tonne)","01253.01","Oignons, echalotes, frais","2015","2015","7021","Valeur annuel","USD","3283.5","A","Chiffre officiel"
"PP","Prix à la Production","756","Suisse","5532","Prix à la Production (USD/tonne)","01253.01","Oignons, echalotes, frais","2016","2016","7021","Valeur annuel","USD","3280.9","A","Chiffre officiel"
"PP","Prix à la Production","756","Suisse","5532","Prix à la Production (USD/tonne)","01253.01","Oignons, echalotes, frais","2017","2017","7021","Valeur annuel","USD","3432.5","A","Chiffre officiel"
"PP","Prix à la Production","756","Suisse","5532","Prix à la Production (USD/tonne)","01253.01","Oignons, echalotes, frais","2018","2018","7021","Valeur annuel","USD","3497.3","A","Chiffre officiel"
"PP","Prix à la Production","756","Suisse","5532","Prix à la Production (USD/tonne)","01253.01","Oignons, echalotes, frais","2019","2019","7021","Valeur annuel","USD","3641.9","A","Chiffre officiel"
"PP","Prix à la Production","756","Suisse","5532","Prix à la Production (USD/tonne)","01253.01","Oignons, echalotes, frais","2020","2020","7021","Valeur annuel","USD","3789.3","A","Chiffre officiel"
"PP","Prix à la Production","756","Suisse","5532","Prix à la Production (USD/tonne)","0115","Orge","2015","2015","7021","Valeur annuel","USD","314.8","A","Chiffre officiel"
"PP","Prix à la Production","756","Suisse","5532","Prix à la Production (USD/tonne)","0115","Orge","2016","2016","7021","Valeur annuel","USD","317.6","A","Chiffre officiel"
"PP","Prix à la Production","756","Suisse","5532","Prix à la Production (USD/tonne)","0115","Orge","2017","2017","7021","Valeur annuel","USD","313.8","A","Chiffre officiel"
"PP","Prix à la Production","756","Suisse","5532","Prix à la Production (USD/tonne)","0115","Orge","2018","2018","7021","Valeur annuel","USD","315","A","Chiffre officiel"
"PP","Prix à la Production","756","Suisse","5532","Prix à la Production (USD/tonne)","0115","Orge","2019","2019","7021","Valeur annuel","USD","298.9","A","Chiffre officiel"
"PP","Prix à la Production","756","Suisse","5532","Prix à la Production (USD/tonne)","0115","Orge","2020","2020","7021","Valeur annuel","USD","320.6","A","Chiffre officiel"
"PP","Prix à la Production","756","Suisse","5532","Prix à la Production (USD/tonne)","0115","Orge","2021","2021","7021","Valeur annuel","USD","330.5","A","Chiffre officiel"
"PP","Prix à la Production","756","Suisse","5532","Prix à la Production (USD/tonne)","01345","Pêches et nectarines","2015","2015","7021","Valeur annuel","USD","4675.9","A","Chiffre officiel"
"PP","Prix à la Production","756","Suisse","5532","Prix à la Production (USD/tonne)","01345","Pêches et nectarines","2016","2016","7021","Valeur annuel","USD","4566.7","A","Chiffre officiel"
"PP","Prix à la Production","756","Suisse","5532","Prix à la Production (USD/tonne)","01345","Pêches et nectarines","2017","2017","7021","Valeur annuel","USD","4570","A","Chiffre officiel"
"PP","Prix à la Production","756","Suisse","5532","Prix à la Production (USD/tonne)","01345","Pêches et nectarines","2018","2018","7021","Valeur annuel","USD","4601.7","A","Chiffre officiel"
"PP","Prix à la Production","756","Suisse","5532","Prix à la Production (USD/tonne)","01345","Pêches et nectarines","2019","2019","7021","Valeur annuel","USD","4528.5","A","Chiffre officiel"
"PP","Prix à la Production","756","Suisse","5532","Prix à la Production (USD/tonne)","01345","Pêches et nectarines","2020","2020","7021","Valeur annuel","USD","4792.5","A","Chiffre officiel"
"PP","Prix à la Production","756","Suisse","5532","Prix à la Production (USD/tonne)","01345","Pêches et nectarines","2021","2021","7021","Valeur annuel","USD","4924.2","A","Chiffre officiel"
"PP","Prix à la Production","756","Suisse","5532","Prix à la Production (USD/tonne)","01231","Piments forts et piments, verts (Capsicum spp., Pimenta spp.)","2015","2015","7021","Valeur annuel","USD","4564.7","A","Chiffre officiel"
"PP","Prix à la Production","756","Suisse","5532","Prix à la Production (USD/tonne)","01231","Piments forts et piments, verts (Capsicum spp., Pimenta spp.)","2016","2016","7021","Valeur annuel","USD","4305.9","A","Chiffre officiel"
"PP","Prix à la Production","756","Suisse","5532","Prix à la Production (USD/tonne)","01231","Piments forts et piments, verts (Capsicum spp., Pimenta spp.)","2017","2017","7021","Valeur annuel","USD","3992.1","A","Chiffre officiel"
"PP","Prix à la Production","756","Suisse","5532","Prix à la Production (USD/tonne)","01231","Piments forts et piments, verts (Capsicum spp., Pimenta spp.)","2018","2018","7021","Valeur annuel","USD","4330.7","A","Chiffre officiel"
"PP","Prix à la Production","756","Suisse","5532","Prix à la Production (USD/tonne)","01231","Piments forts et piments, verts (Capsicum spp., Pimenta spp.)","2019","2019","7021","Valeur annuel","USD","4091.7","A","Chiffre officiel"
"PP","Prix à la Production","756","Suisse","5532","Prix à la Production (USD/tonne)","01231","Piments forts et piments, verts (Capsicum spp., Pimenta spp.)","2020","2020","7021","Valeur annuel","USD","4348.4","A","Chiffre officiel"
"PP","Prix à la Production","756","Suisse","5532","Prix à la Production (USD/tonne)","01342.01","Poires","2015","2015","7021","Valeur annuel","USD","1380.9","A","Chiffre officiel"
"PP","Prix à la Production","756","Suisse","5532","Prix à la Production (USD/tonne)","01342.01","Poires","2016","2016","7021","Valeur annuel","USD","1411.6","A","Chiffre officiel"
"PP","Prix à la Production","756","Suisse","5532","Prix à la Production (USD/tonne)","01342.01","Poires","2017","2017","7021","Valeur annuel","USD","1347.6","A","Chiffre officiel"
"PP","Prix à la Production","756","Suisse","5532","Prix à la Production (USD/tonne)","01342.01","Poires","2018","2018","7021","Valeur annuel","USD","1214.9","A","Chiffre officiel"
"PP","Prix à la Production","756","Suisse","5532","Prix à la Production (USD/tonne)","01342.01","Poires","2019","2019","7021","Valeur annuel","USD","1205.6","A","Chiffre officiel"
"PP","Prix à la Production","756","Suisse","5532","Prix à la Production (USD/tonne)","01342.01","Poires","2020","2020","7021","Valeur annuel","USD","1292.9","A","Chiffre officiel"
"PP","Prix à la Production","756","Suisse","5532","Prix à la Production (USD/tonne)","01342.01","Poires","2021","2021","7021","Valeur annuel","USD","1423.7","A","Chiffre officiel"
"PP","Prix à la Production","756","Suisse","5532","Prix à la Production (USD/tonne)","01242","Pois frais","2015","2015","7021","Valeur annuel","USD","734.6","A","Chiffre officiel"
"PP","Prix à la Production","756","Suisse","5532","Prix à la Production (USD/tonne)","01242","Pois frais","2016","2016","7021","Valeur annuel","USD","722.6","A","Chiffre officiel"
"PP","Prix à la Production","756","Suisse","5532","Prix à la Production (USD/tonne)","01242","Pois frais","2017","2017","7021","Valeur annuel","USD","724.1","A","Chiffre officiel"
"PP","Prix à la Production","756","Suisse","5532","Prix à la Production (USD/tonne)","01242","Pois frais","2018","2018","7021","Valeur annuel","USD","726.1","A","Chiffre officiel"
"PP","Prix à la Production","756","Suisse","5532","Prix à la Production (USD/tonne)","01242","Pois frais","2019","2019","7021","Valeur annuel","USD","715.5","A","Chiffre officiel"
"PP","Prix à la Production","756","Suisse","5532","Prix à la Production (USD/tonne)","01242","Pois frais","2020","2020","7021","Valeur annuel","USD","808.3","A","Chiffre officiel"
"PP","Prix à la Production","756","Suisse","5532","Prix à la Production (USD/tonne)","01705","Pois secs","2018","2018","7021","Valeur annuel","USD","434.6","A","Chiffre officiel"
"PP","Prix à la Production","756","Suisse","5532","Prix à la Production (USD/tonne)","01705","Pois secs","2019","2019","7021","Valeur annuel","USD","425.7","A","Chiffre officiel"
"PP","Prix à la Production","756","Suisse","5532","Prix à la Production (USD/tonne)","01705","Pois secs","2020","2020","7021","Valeur annuel","USD","455.8","A","Chiffre officiel"
"PP","Prix à la Production","756","Suisse","5532","Prix à la Production (USD/tonne)","01705","Pois secs","2021","2021","7021","Valeur annuel","USD","468.4","A","Chiffre officiel"
"PP","Prix à la Production","756","Suisse","5532","Prix à la Production (USD/tonne)","01341","Pommes","2015","2015","7021","Valeur annuel","USD","1046.4","A","Chiffre officiel"
"PP","Prix à la Production","756","Suisse","5532","Prix à la Production (USD/tonne)","01341","Pommes","2016","2016","7021","Valeur annuel","USD","988.4","A","Chiffre officiel"
"PP","Prix à la Production","756","Suisse","5532","Prix à la Production (USD/tonne)","01341","Pommes","2017","2017","7021","Valeur annuel","USD","1211.5","A","Chiffre officiel"
"PP","Prix à la Production","756","Suisse","5532","Prix à la Production (USD/tonne)","01341","Pommes","2018","2018","7021","Valeur annuel","USD","977.6","A","Chiffre officiel"
"PP","Prix à la Production","756","Suisse","5532","Prix à la Production (USD/tonne)","01341","Pommes","2019","2019","7021","Valeur annuel","USD","1091.9","A","Chiffre officiel"
"PP","Prix à la Production","756","Suisse","5532","Prix à la Production (USD/tonne)","01341","Pommes","2020","2020","7021","Valeur annuel","USD","1086.3","A","Chiffre officiel"
"PP","Prix à la Production","756","Suisse","5532","Prix à la Production (USD/tonne)","01341","Pommes","2021","2021","7021","Valeur annuel","USD","1153.4","A","Chiffre officiel"
"PP","Prix à la Production","756","Suisse","5532","Prix à la Production (USD/tonne)","01510","Pommes de terre","2015","2015","7021","Valeur annuel","USD","499.8","A","Chiffre officiel"
"PP","Prix à la Production","756","Suisse","5532","Prix à la Production (USD/tonne)","01510","Pommes de terre","2016","2016","7021","Valeur annuel","USD","521.6","A","Chiffre officiel"
"PP","Prix à la Production","756","Suisse","5532","Prix à la Production (USD/tonne)","01510","Pommes de terre","2017","2017","7021","Valeur annuel","USD","463.1","A","Chiffre officiel"
"PP","Prix à la Production","756","Suisse","5532","Prix à la Production (USD/tonne)","01510","Pommes de terre","2018","2018","7021","Valeur annuel","USD","483.7","A","Chiffre officiel"
"PP","Prix à la Production","756","Suisse","5532","Prix à la Production (USD/tonne)","01510","Pommes de terre","2019","2019","7021","Valeur annuel","USD","498.1","A","Chiffre officiel"
"PP","Prix à la Production","756","Suisse","5532","Prix à la Production (USD/tonne)","01510","Pommes de terre","2020","2020","7021","Valeur annuel","USD","483.5","A","Chiffre officiel"
"PP","Prix à la Production","756","Suisse","5532","Prix à la Production (USD/tonne)","01510","Pommes de terre","2021","2021","7021","Valeur annuel","USD","542.8","A","Chiffre officiel"
"PP","Prix à la Production","756","Suisse","5532","Prix à la Production (USD/tonne)","01346","Prunes et prunelles","2015","2015","7021","Valeur annuel","USD","1931.7","A","Chiffre officiel"
"PP","Prix à la Production","756","Suisse","5532","Prix à la Production (USD/tonne)","01346","Prunes et prunelles","2016","2016","7021","Valeur annuel","USD","1881.5","A","Chiffre officiel"
"PP","Prix à la Production","756","Suisse","5532","Prix à la Production (USD/tonne)","01346","Prunes et prunelles","2017","2017","7021","Valeur annuel","USD","1721.4","A","Chiffre officiel"
"PP","Prix à la Production","756","Suisse","5532","Prix à la Production (USD/tonne)","01346","Prunes et prunelles","2018","2018","7021","Valeur annuel","USD","1427.6","A","Chiffre officiel"
"PP","Prix à la Production","756","Suisse","5532","Prix à la Production (USD/tonne)","01346","Prunes et prunelles","2019","2019","7021","Valeur annuel","USD","1577.9","A","Chiffre officiel"
"PP","Prix à la Production","756","Suisse","5532","Prix à la Production (USD/tonne)","01346","Prunes et prunelles","2020","2020","7021","Valeur annuel","USD","1639","A","Chiffre officiel"
"PP","Prix à la Production","756","Suisse","5532","Prix à la Production (USD/tonne)","01346","Prunes et prunelles","2021","2021","7021","Valeur annuel","USD","2145.9","A","Chiffre officiel"
"PP","Prix à la Production","756","Suisse","5532","Prix à la Production (USD/tonne)","01330","Raisins","2015","2015","7021","Valeur annuel","USD","3484.1","A","Chiffre officiel"
"PP","Prix à la Production","756","Suisse","5532","Prix à la Production (USD/tonne)","01330","Raisins","2016","2016","7021","Valeur annuel","USD","3379.4","A","Chiffre officiel"
"PP","Prix à la Production","756","Suisse","5532","Prix à la Production (USD/tonne)","01330","Raisins","2017","2017","7021","Valeur annuel","USD","3490.4","A","Chiffre officiel"
"PP","Prix à la Production","756","Suisse","5532","Prix à la Production (USD/tonne)","01330","Raisins","2018","2018","7021","Valeur annuel","USD","3379.7","A","Chiffre officiel"
"PP","Prix à la Production","756","Suisse","5532","Prix à la Production (USD/tonne)","01330","Raisins","2019","2019","7021","Valeur annuel","USD","3225.3","A","Chiffre officiel"
"PP","Prix à la Production","756","Suisse","5532","Prix à la Production (USD/tonne)","01330","Raisins","2020","2020","7021","Valeur annuel","USD","3233.3","A","Chiffre officiel"
"PP","Prix à la Production","756","Suisse","5532","Prix à la Production (USD/tonne)","01330","Raisins","2021","2021","7021","Valeur annuel","USD","3317.8","A","Chiffre officiel"
"PP","Prix à la Production","756","Suisse","5532","Prix à la Production (USD/tonne)","0113","Riz","2018","2018","7021","Valeur annuel","USD","1022.6","A","Chiffre officiel"
"PP","Prix à la Production","756","Suisse","5532","Prix à la Production (USD/tonne)","0113","Riz","2019","2019","7021","Valeur annuel","USD","1006.3","A","Chiffre officiel"
"PP","Prix à la Production","756","Suisse","5532","Prix à la Production (USD/tonne)","0113","Riz","2020","2020","7021","Valeur annuel","USD","1065","A","Chiffre officiel"
"PP","Prix à la Production","756","Suisse","5532","Prix à la Production (USD/tonne)","0113","Riz","2021","2021","7021","Valeur annuel","USD","1094.3","A","Chiffre officiel"
"PP","Prix à la Production","756","Suisse","5532","Prix à la Production (USD/tonne)","01192","Sarrasin, blé noir","2018","2018","7021","Valeur annuel","USD","1477.7","A","Chiffre officiel"
"PP","Prix à la Production","756","Suisse","5532","Prix à la Production (USD/tonne)","01192","Sarrasin, blé noir","2019","2019","7021","Valeur annuel","USD","1454.1","A","Chiffre officiel"
"PP","Prix à la Production","756","Suisse","5532","Prix à la Production (USD/tonne)","01192","Sarrasin, blé noir","2020","2020","7021","Valeur annuel","USD","1538.9","A","Chiffre officiel"
"PP","Prix à la Production","756","Suisse","5532","Prix à la Production (USD/tonne)","01192","Sarrasin, blé noir","2021","2021","7021","Valeur annuel","USD","1581.2","A","Chiffre officiel"
"PP","Prix à la Production","756","Suisse","5532","Prix à la Production (USD/tonne)","0116","Seigle","2015","2015","7021","Valeur annuel","USD","366.8","A","Chiffre officiel"
"PP","Prix à la Production","756","Suisse","5532","Prix à la Production (USD/tonne)","0116","Seigle","2016","2016","7021","Valeur annuel","USD","360.3","A","Chiffre officiel"
"PP","Prix à la Production","756","Suisse","5532","Prix à la Production (USD/tonne)","0116","Seigle","2017","2017","7021","Valeur annuel","USD","343.3","A","Chiffre officiel"
"PP","Prix à la Production","756","Suisse","5532","Prix à la Production (USD/tonne)","0116","Seigle","2018","2018","7021","Valeur annuel","USD","347.7","A","Chiffre officiel"
"PP","Prix à la Production","756","Suisse","5532","Prix à la Production (USD/tonne)","0116","Seigle","2019","2019","7021","Valeur annuel","USD","346.2","A","Chiffre officiel"
"PP","Prix à la Production","756","Suisse","5532","Prix à la Production (USD/tonne)","0116","Seigle","2020","2020","7021","Valeur annuel","USD","366.4","A","Chiffre officiel"
"PP","Prix à la Production","756","Suisse","5532","Prix à la Production (USD/tonne)","0116","Seigle","2021","2021","7021","Valeur annuel","USD","380.8","A","Chiffre officiel"
"PP","Prix à la Production","756","Suisse","5532","Prix à la Production (USD/tonne)","01801","Sucre, betterave","2015","2015","7021","Valeur annuel","USD","70.7","A","Chiffre officiel"
"PP","Prix à la Production","756","Suisse","5532","Prix à la Production (USD/tonne)","01801","Sucre, betterave","2016","2016","7021","Valeur annuel","USD","55.8","A","Chiffre officiel"
"PP","Prix à la Production","756","Suisse","5532","Prix à la Production (USD/tonne)","01801","Sucre, betterave","2017","2017","7021","Valeur annuel","USD","58.9","A","Chiffre officiel"
"PP","Prix à la Production","756","Suisse","5532","Prix à la Production (USD/tonne)","01801","Sucre, betterave","2018","2018","7021","Valeur annuel","USD","57.3","A","Chiffre officiel"
"PP","Prix à la Production","756","Suisse","5532","Prix à la Production (USD/tonne)","01801","Sucre, betterave","2019","2019","7021","Valeur annuel","USD","50.3","A","Chiffre officiel"
"PP","Prix à la Production","756","Suisse","5532","Prix à la Production (USD/tonne)","01801","Sucre, betterave","2020","2020","7021","Valeur annuel","USD","53.3","A","Chiffre officiel"
"PP","Prix à la Production","756","Suisse","5532","Prix à la Production (USD/tonne)","01801","Sucre, betterave","2021","2021","7021","Valeur annuel","USD","55.8","A","Chiffre officiel"
"PP","Prix à la Production","756","Suisse","5532","Prix à la Production (USD/tonne)","01970","Tabacs bruts ou non fabriqués","2015","2015","7021","Valeur annuel","USD","16280.4","A","Chiffre officiel"
"PP","Prix à la Production","756","Suisse","5532","Prix à la Production (USD/tonne)","01970","Tabacs bruts ou non fabriqués","2016","2016","7021","Valeur annuel","USD","16187.4","A","Chiffre officiel"
"PP","Prix à la Production","756","Suisse","5532","Prix à la Production (USD/tonne)","01970","Tabacs bruts ou non fabriqués","2017","2017","7021","Valeur annuel","USD","16011.1","A","Chiffre officiel"
"PP","Prix à la Production","756","Suisse","5532","Prix à la Production (USD/tonne)","01970","Tabacs bruts ou non fabriqués","2018","2018","7021","Valeur annuel","USD","16112.2","A","Chiffre officiel"
"PP","Prix à la Production","756","Suisse","5532","Prix à la Production (USD/tonne)","01970","Tabacs bruts ou non fabriqués","2019","2019","7021","Valeur annuel","USD","16091.2","A","Chiffre officiel"
"PP","Prix à la Production","756","Suisse","5532","Prix à la Production (USD/tonne)","01970","Tabacs bruts ou non fabriqués","2020","2020","7021","Valeur annuel","USD","17289.2","A","Chiffre officiel"
"PP","Prix à la Production","756","Suisse","5532","Prix à la Production (USD/tonne)","01970","Tabacs bruts ou non fabriqués","2021","2021","7021","Valeur annuel","USD","17234.9","A","Chiffre officiel"
"PP","Prix à la Production","756","Suisse","5532","Prix à la Production (USD/tonne)","01234","Tomates, fraiches","2015","2015","7021","Valeur annuel","USD","2598.8","A","Chiffre officiel"
"PP","Prix à la Production","756","Suisse","5532","Prix à la Production (USD/tonne)","01234","Tomates, fraiches","2016","2016","7021","Valeur annuel","USD","2621.3","A","Chiffre officiel"
"PP","Prix à la Production","756","Suisse","5532","Prix à la Production (USD/tonne)","01234","Tomates, fraiches","2017","2017","7021","Valeur annuel","USD","2660.7","A","Chiffre officiel"
"PP","Prix à la Production","756","Suisse","5532","Prix à la Production (USD/tonne)","01234","Tomates, fraiches","2018","2018","7021","Valeur annuel","USD","2509.5","A","Chiffre officiel"
"PP","Prix à la Production","756","Suisse","5532","Prix à la Production (USD/tonne)","01234","Tomates, fraiches","2019","2019","7021","Valeur annuel","USD","2560.1","A","Chiffre officiel"
"PP","Prix à la Production","756","Suisse","5532","Prix à la Production (USD/tonne)","01234","Tomates, fraiches","2020","2020","7021","Valeur annuel","USD","3048","A","Chiffre officiel"
"PP","Prix à la Production","756","Suisse","5532","Prix à la Production (USD/tonne)","01191","Triticale","2015","2015","7021","Valeur annuel","USD","314.8","A","Chiffre officiel"
"PP","Prix à la Production","756","Suisse","5532","Prix à la Production (USD/tonne)","01191","Triticale","2016","2016","7021","Valeur annuel","USD","310.5","A","Chiffre officiel"
"PP","Prix à la Production","756","Suisse","5532","Prix à la Production (USD/tonne)","01191","Triticale","2017","2017","7021","Valeur annuel","USD","302.6","A","Chiffre officiel"
"PP","Prix à la Production","756","Suisse","5532","Prix à la Production (USD/tonne)","01191","Triticale","2018","2018","7021","Valeur annuel","USD","303.7","A","Chiffre officiel"
"PP","Prix à la Production","756","Suisse","5532","Prix à la Production (USD/tonne)","01191","Triticale","2019","2019","7021","Valeur annuel","USD","294.9","A","Chiffre officiel"
"PP","Prix à la Production","756","Suisse","5532","Prix à la Production (USD/tonne)","01191","Triticale","2020","2020","7021","Valeur annuel","USD","313.1","A","Chiffre officiel"
"PP","Prix à la Production","756","Suisse","5532","Prix à la Production (USD/tonne)","01191","Triticale","2021","2021","7021","Valeur annuel","USD","323.9","A","Chiffre officiel"
"PP","Prix à la Production","756","Suisse","5532","Prix à la Production (USD/tonne)","21115","Viande ovine, fraîche ou réfrigérée","2015","2015","7021","Valeur annuel","USD","11288.7","A","Chiffre officiel"
"PP","Prix à la Production","756","Suisse","5532","Prix à la Production (USD/tonne)","21115","Viande ovine, fraîche ou réfrigérée","2016","2016","7021","Valeur annuel","USD","10909.3","A","Chiffre officiel"
"PP","Prix à la Production","756","Suisse","5532","Prix à la Production (USD/tonne)","21115","Viande ovine, fraîche ou réfrigérée","2017","2017","7021","Valeur annuel","USD","11067.4","A","Chiffre officiel"
"PP","Prix à la Production","756","Suisse","5532","Prix à la Production (USD/tonne)","21115","Viande ovine, fraîche ou réfrigérée","2018","2018","7021","Valeur annuel","USD","10581.9","A","Chiffre officiel"
"PP","Prix à la Production","756","Suisse","5532","Prix à la Production (USD/tonne)","21115","Viande ovine, fraîche ou réfrigérée","2019","2019","7021","Valeur annuel","USD","10574.5","A","Chiffre officiel"
"PP","Prix à la Production","756","Suisse","5532","Prix à la Production (USD/tonne)","21115","Viande ovine, fraîche ou réfrigérée","2020","2020","7021","Valeur annuel","USD","11191","A","Chiffre officiel"
"PP","Prix à la Production","756","Suisse","5532","Prix à la Production (USD/tonne)","21115","Viande ovine, fraîche ou réfrigérée","2021","2021","7021","Valeur annuel","USD","11498.7","A","Chiffre officiel"
"PP","Prix à la Production","756","Suisse","5532","Prix à la Production (USD/tonne)","21111.01b","Viande poids vif, bovins, fraîche ou réfrigérée","2015","2015","7021","Valeur annuel","USD","5089.5","A","Chiffre officiel"
"PP","Prix à la Production","756","Suisse","5532","Prix à la Production (USD/tonne)","21111.01b","Viande poids vif, bovins, fraîche ou réfrigérée","2016","2016","7021","Valeur annuel","USD","4954.4","A","Chiffre officiel"
"PP","Prix à la Production","756","Suisse","5532","Prix à la Production (USD/tonne)","21111.01b","Viande poids vif, bovins, fraîche ou réfrigérée","2017","2017","7021","Valeur annuel","USD","5164.1","A","Chiffre officiel"
"PP","Prix à la Production","756","Suisse","5532","Prix à la Production (USD/tonne)","21111.01b","Viande poids vif, bovins, fraîche ou réfrigérée","2018","2018","7021","Valeur annuel","USD","4964.8","A","Chiffre officiel"
"PP","Prix à la Production","756","Suisse","5532","Prix à la Production (USD/tonne)","21111.01b","Viande poids vif, bovins, fraîche ou réfrigérée","2019","2019","7021","Valeur annuel","USD","4930","A","Chiffre officiel"
"PP","Prix à la Production","756","Suisse","5532","Prix à la Production (USD/tonne)","21111.01b","Viande poids vif, bovins, fraîche ou réfrigérée","2020","2020","7021","Valeur annuel","USD","5477.3","A","Chiffre officiel"
"PP","Prix à la Production","756","Suisse","5532","Prix à la Production (USD/tonne)","21111.01b","Viande poids vif, bovins, fraîche ou réfrigérée","2021","2021","7021","Valeur annuel","USD","5950.7","A","Chiffre officiel"
"PP","Prix à la Production","756","Suisse","5532","Prix à la Production (USD/tonne)","21116b","Viande poids vif, caprin, fraîche ou réfrigérée","2015","2015","7021","Valeur annuel","USD","4871.2","A","Chiffre officiel"
"PP","Prix à la Production","756","Suisse","5532","Prix à la Production (USD/tonne)","21116b","Viande poids vif, caprin, fraîche ou réfrigérée","2016","2016","7021","Valeur annuel","USD","4397.2","A","Chiffre officiel"
"PP","Prix à la Production","756","Suisse","5532","Prix à la Production (USD/tonne)","21116b","Viande poids vif, caprin, fraîche ou réfrigérée","2017","2017","7021","Valeur annuel","USD","4400.4","A","Chiffre officiel"
"PP","Prix à la Production","756","Suisse","5532","Prix à la Production (USD/tonne)","21116b","Viande poids vif, caprin, fraîche ou réfrigérée","2018","2018","7021","Valeur annuel","USD","4556.7","A","Chiffre officiel"
"PP","Prix à la Production","756","Suisse","5532","Prix à la Production (USD/tonne)","21116b","Viande poids vif, caprin, fraîche ou réfrigérée","2019","2019","7021","Valeur annuel","USD","4656.3","A","Chiffre officiel"
"PP","Prix à la Production","756","Suisse","5532","Prix à la Production (USD/tonne)","21116b","Viande poids vif, caprin, fraîche ou réfrigérée","2020","2020","7021","Valeur annuel","USD","3528.4","A","Chiffre officiel"
"PP","Prix à la Production","756","Suisse","5532","Prix à la Production (USD/tonne)","21116b","Viande poids vif, caprin, fraîche ou réfrigérée","2021","2021","7021","Valeur annuel","USD","4129.8","A","Chiffre officiel"
"PP","Prix à la Production","756","Suisse","5532","Prix à la Production (USD/tonne)","21118.01b","Viande poids vif, cheval, fraîche ou réfrigérée","2015","2015","7021","Valeur annuel","USD","2585.3","A","Chiffre officiel"
"PP","Prix à la Production","756","Suisse","5532","Prix à la Production (USD/tonne)","21118.01b","Viande poids vif, cheval, fraîche ou réfrigérée","2016","2016","7021","Valeur annuel","USD","2520.8","A","Chiffre officiel"
"PP","Prix à la Production","756","Suisse","5532","Prix à la Production (USD/tonne)","21118.01b","Viande poids vif, cheval, fraîche ou réfrigérée","2017","2017","7021","Valeur annuel","USD","2523.6","A","Chiffre officiel"
"PP","Prix à la Production","756","Suisse","5532","Prix à la Production (USD/tonne)","21118.01b","Viande poids vif, cheval, fraîche ou réfrigérée","2018","2018","7021","Valeur annuel","USD","2688.4","A","Chiffre officiel"
"PP","Prix à la Production","756","Suisse","5532","Prix à la Production (USD/tonne)","21118.01b","Viande poids vif, cheval, fraîche ou réfrigérée","2019","2019","7021","Valeur annuel","USD","2709","A","Chiffre officiel"
"PP","Prix à la Production","756","Suisse","5532","Prix à la Production (USD/tonne)","21118.01b","Viande poids vif, cheval, fraîche ou réfrigérée","2020","2020","7021","Valeur annuel","USD","2869.1","A","Chiffre officiel"
"PP","Prix à la Production","756","Suisse","5532","Prix à la Production (USD/tonne)","21118.01b","Viande poids vif, cheval, fraîche ou réfrigérée","2021","2021","7021","Valeur annuel","USD","2953.5","A","Chiffre officiel"
"PP","Prix à la Production","756","Suisse","5532","Prix à la Production (USD/tonne)","21124b","Viande poids vif, dinde, fraîche ou réfrigérée","2015","2015","7021","Valeur annuel","USD","3041.4","A","Chiffre officiel"
"PP","Prix à la Production","756","Suisse","5532","Prix à la Production (USD/tonne)","21124b","Viande poids vif, dinde, fraîche ou réfrigérée","2016","2016","7021","Valeur annuel","USD","2970.4","A","Chiffre officiel"
"PP","Prix à la Production","756","Suisse","5532","Prix à la Production (USD/tonne)","21124b","Viande poids vif, dinde, fraîche ou réfrigérée","2017","2017","7021","Valeur annuel","USD","2972.5","A","Chiffre officiel"
"PP","Prix à la Production","756","Suisse","5532","Prix à la Production (USD/tonne)","21124b","Viande poids vif, dinde, fraîche ou réfrigérée","2018","2018","7021","Valeur annuel","USD","2993.2","A","Chiffre officiel"
"PP","Prix à la Production","756","Suisse","5532","Prix à la Production (USD/tonne)","21124b","Viande poids vif, dinde, fraîche ou réfrigérée","2019","2019","7021","Valeur annuel","USD","2945.5","A","Chiffre officiel"
"PP","Prix à la Production","756","Suisse","5532","Prix à la Production (USD/tonne)","21124b","Viande poids vif, dinde, fraîche ou réfrigérée","2020","2020","7021","Valeur annuel","USD","3117.3","A","Chiffre officiel"
"PP","Prix à la Production","756","Suisse","5532","Prix à la Production (USD/tonne)","21124b","Viande poids vif, dinde, fraîche ou réfrigérée","2021","2021","7021","Valeur annuel","USD","3202.9","A","Chiffre officiel"
"PP","Prix à la Production","756","Suisse","5532","Prix à la Production (USD/tonne)","21114b","Viande poids vif, léporidés, fraîche ou réfrigérée","2015","2015","7021","Valeur annuel","USD","5676.5","A","Chiffre officiel"
"PP","Prix à la Production","756","Suisse","5532","Prix à la Production (USD/tonne)","21114b","Viande poids vif, léporidés, fraîche ou réfrigérée","2016","2016","7021","Valeur annuel","USD","5940.8","A","Chiffre officiel"
"PP","Prix à la Production","756","Suisse","5532","Prix à la Production (USD/tonne)","21115b","Viande poids vif, ovine, fraîche ou réfrigérée","2015","2015","7021","Valeur annuel","USD","5159.1","A","Chiffre officiel"
"PP","Prix à la Production","756","Suisse","5532","Prix à la Production (USD/tonne)","21115b","Viande poids vif, ovine, fraîche ou réfrigérée","2016","2016","7021","Valeur annuel","USD","4985.8","A","Chiffre officiel"
"PP","Prix à la Production","756","Suisse","5532","Prix à la Production (USD/tonne)","21115b","Viande poids vif, ovine, fraîche ou réfrigérée","2017","2017","7021","Valeur annuel","USD","5057.4","A","Chiffre officiel"
"PP","Prix à la Production","756","Suisse","5532","Prix à la Production (USD/tonne)","21115b","Viande poids vif, ovine, fraîche ou réfrigérée","2018","2018","7021","Valeur annuel","USD","4835.9","A","Chiffre officiel"
"PP","Prix à la Production","756","Suisse","5532","Prix à la Production (USD/tonne)","21115b","Viande poids vif, ovine, fraîche ou réfrigérée","2019","2019","7021","Valeur annuel","USD","4832.4","A","Chiffre officiel"
"PP","Prix à la Production","756","Suisse","5532","Prix à la Production (USD/tonne)","21115b","Viande poids vif, ovine, fraîche ou réfrigérée","2020","2020","7021","Valeur annuel","USD","5742.5","A","Chiffre officiel"
"PP","Prix à la Production","756","Suisse","5532","Prix à la Production (USD/tonne)","21115b","Viande poids vif, ovine, fraîche ou réfrigérée","2021","2021","7021","Valeur annuel","USD","6466.1","A","Chiffre officiel"
"PP","Prix à la Production","756","Suisse","5532","Prix à la Production (USD/tonne)","21121b","Viande poids vif, poulet, fraîche ou réfrigérée","2015","2015","7021","Valeur annuel","USD","2525","A","Chiffre officiel"
"PP","Prix à la Production","756","Suisse","5532","Prix à la Production (USD/tonne)","21121b","Viande poids vif, poulet, fraîche ou réfrigérée","2016","2016","7021","Valeur annuel","USD","2431.5","A","Chiffre officiel"
"PP","Prix à la Production","756","Suisse","5532","Prix à la Production (USD/tonne)","21121b","Viande poids vif, poulet, fraîche ou réfrigérée","2017","2017","7021","Valeur annuel","USD","2460.7","A","Chiffre officiel"
"PP","Prix à la Production","756","Suisse","5532","Prix à la Production (USD/tonne)","21121b","Viande poids vif, poulet, fraîche ou réfrigérée","2018","2018","7021","Valeur annuel","USD","2438.9","A","Chiffre officiel"
"PP","Prix à la Production","756","Suisse","5532","Prix à la Production (USD/tonne)","21121b","Viande poids vif, poulet, fraîche ou réfrigérée","2019","2019","7021","Valeur annuel","USD","2393.1","A","Chiffre officiel"
"PP","Prix à la Production","756","Suisse","5532","Prix à la Production (USD/tonne)","21121b","Viande poids vif, poulet, fraîche ou réfrigérée","2020","2020","7021","Valeur annuel","USD","2533.6","A","Chiffre officiel"
"PP","Prix à la Production","756","Suisse","5532","Prix à la Production (USD/tonne)","21121b","Viande poids vif, poulet, fraîche ou réfrigérée","2021","2021","7021","Valeur annuel","USD","2644.9","A","Chiffre officiel"
"PP","Prix à la Production","756","Suisse","5532","Prix à la Production (USD/tonne)","21113.01b","Viande poids vif, suidés, fraîche ou réfrigérée","2015","2015","7021","Valeur annuel","USD","2429.4","A","Chiffre officiel"
"PP","Prix à la Production","756","Suisse","5532","Prix à la Production (USD/tonne)","21113.01b","Viande poids vif, suidés, fraîche ou réfrigérée","2016","2016","7021","Valeur annuel","USD","2642.6","A","Chiffre officiel"
"PP","Prix à la Production","756","Suisse","5532","Prix à la Production (USD/tonne)","21113.01b","Viande poids vif, suidés, fraîche ou réfrigérée","2017","2017","7021","Valeur annuel","USD","2649.6","A","Chiffre officiel"
"PP","Prix à la Production","756","Suisse","5532","Prix à la Production (USD/tonne)","21113.01b","Viande poids vif, suidés, fraîche ou réfrigérée","2018","2018","7021","Valeur annuel","USD","2659.8","A","Chiffre officiel"
"PP","Prix à la Production","756","Suisse","5532","Prix à la Production (USD/tonne)","21113.01b","Viande poids vif, suidés, fraîche ou réfrigérée","2019","2019","7021","Valeur annuel","USD","3024","A","Chiffre officiel"
"PP","Prix à la Production","756","Suisse","5532","Prix à la Production (USD/tonne)","21113.01b","Viande poids vif, suidés, fraîche ou réfrigérée","2020","2020","7021","Valeur annuel","USD","3339.8","A","Chiffre officiel"
"PP","Prix à la Production","756","Suisse","5532","Prix à la Production (USD/tonne)","21113.01b","Viande poids vif, suidés, fraîche ou réfrigérée","2021","2021","7021","Valeur annuel","USD","2991.8","A","Chiffre officiel"
"PP","Prix à la Production","756","Suisse","5532","Prix à la Production (USD/tonne)","21111.01","Viande, bovine, fraîche ou réfrigérée","2015","2015","7021","Valeur annuel","USD","9788.2","A","Chiffre officiel"
"PP","Prix à la Production","756","Suisse","5532","Prix à la Production (USD/tonne)","21111.01","Viande, bovine, fraîche ou réfrigérée","2016","2016","7021","Valeur annuel","USD","9528.2","A","Chiffre officiel"
"PP","Prix à la Production","756","Suisse","5532","Prix à la Production (USD/tonne)","21111.01","Viande, bovine, fraîche ou réfrigérée","2017","2017","7021","Valeur annuel","USD","9932","A","Chiffre officiel"
"PP","Prix à la Production","756","Suisse","5532","Prix à la Production (USD/tonne)","21111.01","Viande, bovine, fraîche ou réfrigérée","2018","2018","7021","Valeur annuel","USD","9547.1","A","Chiffre officiel"
"PP","Prix à la Production","756","Suisse","5532","Prix à la Production (USD/tonne)","21111.01","Viande, bovine, fraîche ou réfrigérée","2019","2019","7021","Valeur annuel","USD","9480.6","A","Chiffre officiel"
"PP","Prix à la Production","756","Suisse","5532","Prix à la Production (USD/tonne)","21111.01","Viande, bovine, fraîche ou réfrigérée","2020","2020","7021","Valeur annuel","USD","10033.4","A","Chiffre officiel"
"PP","Prix à la Production","756","Suisse","5532","Prix à la Production (USD/tonne)","21111.01","Viande, bovine, fraîche ou réfrigérée","2021","2021","7021","Valeur annuel","USD","10309.2","A","Chiffre officiel"
"PP","Prix à la Production","756","Suisse","5532","Prix à la Production (USD/tonne)","21116","Viande, caprin, fraîche ou réfrigérée","2015","2015","7021","Valeur annuel","USD","8458.2","A","Chiffre officiel"
"PP","Prix à la Production","756","Suisse","5532","Prix à la Production (USD/tonne)","21116","Viande, caprin, fraîche ou réfrigérée","2016","2016","7021","Valeur annuel","USD","7634.5","A","Chiffre officiel"
"PP","Prix à la Production","756","Suisse","5532","Prix à la Production (USD/tonne)","21116","Viande, caprin, fraîche ou réfrigérée","2017","2017","7021","Valeur annuel","USD","7640","A","Chiffre officiel"
"PP","Prix à la Production","756","Suisse","5532","Prix à la Production (USD/tonne)","21116","Viande, caprin, fraîche ou réfrigérée","2018","2018","7021","Valeur annuel","USD","7910.9","A","Chiffre officiel"
"PP","Prix à la Production","756","Suisse","5532","Prix à la Production (USD/tonne)","21116","Viande, caprin, fraîche ou réfrigérée","2019","2019","7021","Valeur annuel","USD","8093.9","A","Chiffre officiel"
"PP","Prix à la Production","756","Suisse","5532","Prix à la Production (USD/tonne)","21116","Viande, caprin, fraîche ou réfrigérée","2020","2020","7021","Valeur annuel","USD","8565.8","A","Chiffre officiel"
"PP","Prix à la Production","756","Suisse","5532","Prix à la Production (USD/tonne)","21116","Viande, caprin, fraîche ou réfrigérée","2021","2021","7021","Valeur annuel","USD","8801.3","A","Chiffre officiel"
"PP","Prix à la Production","756","Suisse","5532","Prix à la Production (USD/tonne)","21118.01","Viande, cheval, fraîche ou réfrigérée","2015","2015","7021","Valeur annuel","USD","4804.7","A","Chiffre officiel"
"PP","Prix à la Production","756","Suisse","5532","Prix à la Production (USD/tonne)","21118.01","Viande, cheval, fraîche ou réfrigérée","2016","2016","7021","Valeur annuel","USD","4686.4","A","Chiffre officiel"
"PP","Prix à la Production","756","Suisse","5532","Prix à la Production (USD/tonne)","21118.01","Viande, cheval, fraîche ou réfrigérée","2017","2017","7021","Valeur annuel","USD","4690.8","A","Chiffre officiel"
"PP","Prix à la Production","756","Suisse","5532","Prix à la Production (USD/tonne)","21118.01","Viande, cheval, fraîche ou réfrigérée","2018","2018","7021","Valeur annuel","USD","4997.5","A","Chiffre officiel"
"PP","Prix à la Production","756","Suisse","5532","Prix à la Production (USD/tonne)","21118.01","Viande, cheval, fraîche ou réfrigérée","2019","2019","7021","Valeur annuel","USD","5039.7","A","Chiffre officiel"
"PP","Prix à la Production","756","Suisse","5532","Prix à la Production (USD/tonne)","21118.01","Viande, cheval, fraîche ou réfrigérée","2020","2020","7021","Valeur annuel","USD","5333.5","A","Chiffre officiel"
"PP","Prix à la Production","756","Suisse","5532","Prix à la Production (USD/tonne)","21118.01","Viande, cheval, fraîche ou réfrigérée","2021","2021","7021","Valeur annuel","USD","5480.1","A","Chiffre officiel"
"PP","Prix à la Production","756","Suisse","5532","Prix à la Production (USD/tonne)","21114","Viande, leporidés, fraîche ou réfrigérée","2015","2015","7021","Valeur annuel","USD","19767.6","A","Chiffre officiel"
"PP","Prix à la Production","756","Suisse","5532","Prix à la Production (USD/tonne)","21114","Viande, leporidés, fraîche ou réfrigérée","2016","2016","7021","Valeur annuel","USD","19389.2","A","Chiffre officiel"
"PP","Prix à la Production","756","Suisse","5532","Prix à la Production (USD/tonne)","21114","Viande, leporidés, fraîche ou réfrigérée","2017","2017","7021","Valeur annuel","USD","21372.2","A","Chiffre officiel"
"PP","Prix à la Production","756","Suisse","5532","Prix à la Production (USD/tonne)","21114","Viande, leporidés, fraîche ou réfrigérée","2018","2018","7021","Valeur annuel","USD","19761.9","A","Chiffre officiel"
"PP","Prix à la Production","756","Suisse","5532","Prix à la Production (USD/tonne)","21114","Viande, leporidés, fraîche ou réfrigérée","2019","2019","7021","Valeur annuel","USD","20552.3","A","Chiffre officiel"
"PP","Prix à la Production","756","Suisse","5532","Prix à la Production (USD/tonne)","21114","Viande, leporidés, fraîche ou réfrigérée","2020","2020","7021","Valeur annuel","USD","21174.3","A","Chiffre officiel"
"PP","Prix à la Production","756","Suisse","5532","Prix à la Production (USD/tonne)","21114","Viande, leporidés, fraîche ou réfrigérée","2021","2021","7021","Valeur annuel","USD","22042","A","Chiffre officiel"
"PP","Prix à la Production","756","Suisse","5532","Prix à la Production (USD/tonne)","21113.01","Viande, suidés, fraîche ou réfrigérée","2015","2015","7021","Valeur annuel","USD","3159.9","A","Chiffre officiel"
"PP","Prix à la Production","756","Suisse","5532","Prix à la Production (USD/tonne)","21113.01","Viande, suidés, fraîche ou réfrigérée","2016","2016","7021","Valeur annuel","USD","3437.2","A","Chiffre officiel"
"PP","Prix à la Production","756","Suisse","5532","Prix à la Production (USD/tonne)","21113.01","Viande, suidés, fraîche ou réfrigérée","2017","2017","7021","Valeur annuel","USD","3445.7","A","Chiffre officiel"
"PP","Prix à la Production","756","Suisse","5532","Prix à la Production (USD/tonne)","21113.01","Viande, suidés, fraîche ou réfrigérée","2018","2018","7021","Valeur annuel","USD","3458.5","A","Chiffre officiel"
"PP","Prix à la Production","756","Suisse","5532","Prix à la Production (USD/tonne)","21113.01","Viande, suidés, fraîche ou réfrigérée","2019","2019","7021","Valeur annuel","USD","3931.7","A","Chiffre officiel"
"PP","Prix à la Production","756","Suisse","5532","Prix à la Production (USD/tonne)","21113.01","Viande, suidés, fraîche ou réfrigérée","2020","2020","7021","Valeur annuel","USD","4161","A","Chiffre officiel"
"PP","Prix à la Production","756","Suisse","5532","Prix à la Production (USD/tonne)","21113.01","Viande, suidés, fraîche ou réfrigérée","2021","2021","7021","Valeur annuel","USD","4275.3","A","Chiffre officiel"
